N回目,ε,α,γ,学習回数,最短経路
---------------------------0.9,0.9,0.9-------------------------------
8,0.90,0.90,0.90,18,16
5,0.90,0.90,0.90,20,16
7,0.90,0.90,0.90,32,16
4,0.90,0.90,0.90,49,16
6,0.90,0.90,0.90,17,16
1,0.90,0.90,0.90,3812,16
3,0.90,0.90,0.90,81888,16
12,0.90,0.90,0.90,22,16
10,0.90,0.90,0.90,36,16
14,0.90,0.90,0.90,16,16
13,0.90,0.90,0.90,21,16
15,0.90,0.90,0.90,16,16
17,0.90,0.90,0.90,25,16
16,0.90,0.90,0.90,22,16
9,0.90,0.90,0.90,179358,16
18,0.90,0.90,0.90,13,16
19,0.90,0.90,0.90,21,16
20,0.90,0.90,0.90,48,16
22,0.90,0.90,0.90,24,16
21,0.90,0.90,0.90,28,16
23,0.90,0.90,0.90,23,16
24,0.90,0.90,0.90,13,16
25,0.90,0.90,0.90,17,16
26,0.90,0.90,0.90,24,16
27,0.90,0.90,0.90,27,16
28,0.90,0.90,0.90,10,16
29,0.90,0.90,0.90,14,16
31,0.90,0.90,0.90,14,16
30,0.90,0.90,0.90,15,16
32,0.90,0.90,0.90,9,16
33,0.90,0.90,0.90,273,16
34,0.90,0.90,0.90,16,16
35,0.90,0.90,0.90,22,16
36,0.90,0.90,0.90,24,16
37,0.90,0.90,0.90,52,16
38,0.90,0.90,0.90,17,16
39,0.90,0.90,0.90,4564,16
40,0.90,0.90,0.90,2925,16
41,0.90,0.90,0.90,1722,16
42,0.90,0.90,0.90,4,16
2,0.90,0.90,0.90,24,18
43,0.90,0.90,0.90,19,16
45,0.90,0.90,0.90,258,16
44,0.90,0.90,0.90,22,16
46,0.90,0.90,0.90,22,16
47,0.90,0.90,0.90,19,16
48,0.90,0.90,0.90,18,16
50,0.90,0.90,0.90,1072,16
49,0.90,0.90,0.90,13,16
52,0.90,0.90,0.90,14,16
54,0.90,0.90,0.90,135,16
53,0.90,0.90,0.90,28,16
11,0.90,0.90,0.90,18,18
55,0.90,0.90,0.90,16,16
57,0.90,0.90,0.90,18,16
56,0.90,0.90,0.90,3577,16
58,0.90,0.90,0.90,23,16
59,0.90,0.90,0.90,16,16
60,0.90,0.90,0.90,34,16
61,0.90,0.90,0.90,29,16
63,0.90,0.90,0.90,186,16
65,0.90,0.90,0.90,13,16
66,0.90,0.90,0.90,24,16
64,0.90,0.90,0.90,29,16
67,0.90,0.90,0.90,26,16
68,0.90,0.90,0.90,18,16
69,0.90,0.90,0.90,15929,16
70,0.90,0.90,0.90,30,16
73,0.90,0.90,0.90,17,16
71,0.90,0.90,0.90,8017,16
74,0.90,0.90,0.90,21,16
75,0.90,0.90,0.90,20,16
77,0.90,0.90,0.90,24,16
76,0.90,0.90,0.90,24,16
78,0.90,0.90,0.90,601,16
79,0.90,0.90,0.90,22,16
82,0.90,0.90,0.90,24,16
81,0.90,0.90,0.90,54,16
83,0.90,0.90,0.90,30,16
80,0.90,0.90,0.90,29931,16
84,0.90,0.90,0.90,19,16
85,0.90,0.90,0.90,88,16
87,0.90,0.90,0.90,24,16
86,0.90,0.90,0.90,22,16
88,0.90,0.90,0.90,42244,16
51,0.90,0.90,0.90,19,18
89,0.90,0.90,0.90,214,16
90,0.90,0.90,0.90,26,16
91,0.90,0.90,0.90,27,16
92,0.90,0.90,0.90,7345,16
94,0.90,0.90,0.90,5,16
95,0.90,0.90,0.90,10,16
96,0.90,0.90,0.90,79,16
62,0.90,0.90,0.90,12,18
97,0.90,0.90,0.90,21,16
98,0.90,0.90,0.90,15,16
100,0.90,0.90,0.90,16,16
99,0.90,0.90,0.90,35,16
72,0.90,0.90,0.90,19,18
93,0.90,0.90,0.90,4043,
6,0.90,0.90,0.90,30,16
4,0.90,0.90,0.90,215149,16
7,0.90,0.90,0.90,31900,16
2,0.90,0.90,0.90,4743,16
8,0.90,0.90,0.90,20,16
1,0.90,0.90,0.90,22,16
5,0.90,0.90,0.90,163,16
3,0.90,0.90,0.90,11,16
10,0.90,0.90,0.90,18,16
9,0.90,0.90,0.90,3058,16
11,0.90,0.90,0.90,20,16
13,0.90,0.90,0.90,20,16
12,0.90,0.90,0.90,15,16
16,0.90,0.90,0.90,25,16
14,0.90,0.90,0.90,164,16
15,0.90,0.90,0.90,19,16
18,0.90,0.90,0.90,16,16
17,0.90,0.90,0.90,7647,16
19,0.90,0.90,0.90,55543,16
21,0.90,0.90,0.90,90,16
20,0.90,0.90,0.90,17,16
22,0.90,0.90,0.90,21,16
23,0.90,0.90,0.90,23,16
24,0.90,0.90,0.90,32,16
27,0.90,0.90,0.90,4153,16
25,0.90,0.90,0.90,25,16
28,0.90,0.90,0.90,20,16
26,0.90,0.90,0.90,30,17
31,0.90,0.90,0.90,13,16
30,0.90,0.90,0.90,26,16
29,0.90,0.90,0.90,4214,16
32,0.90,0.90,0.90,18,16
33,0.90,0.90,0.90,206,16
34,0.90,0.90,0.90,22,16
36,0.90,0.90,0.90,23,16
37,0.90,0.90,0.90,15,16
35,0.90,0.90,0.90,21,16
39,0.90,0.90,0.90,21,16
38,0.90,0.90,0.90,23,18
40,0.90,0.90,0.90,34,16
41,0.90,0.90,0.90,18,16
42,0.90,0.90,0.90,16,16
43,0.90,0.90,0.90,25,16
45,0.90,0.90,0.90,22,16
44,0.90,0.90,0.90,10,16
46,0.90,0.90,0.90,28,16
47,0.90,0.90,0.90,22,16
48,0.90,0.90,0.90,24,16
49,0.90,0.90,0.90,27970,16
50,0.90,0.90,0.90,15,16
51,0.90,0.90,0.90,23,16
53,0.90,0.90,0.90,23,16
52,0.90,0.90,0.90,14,16
54,0.90,0.90,0.90,21,16
55,0.90,0.90,0.90,20,16
56,0.90,0.90,0.90,31,16
57,0.90,0.90,0.90,22,16
58,0.90,0.90,0.90,16,16
59,0.90,0.90,0.90,17,16
60,0.90,0.90,0.90,25,16
61,0.90,0.90,0.90,1492,16
62,0.90,0.90,0.90,1993,16
63,0.90,0.90,0.90,14,16
64,0.90,0.90,0.90,36,16
66,0.90,0.90,0.90,29,16
65,0.90,0.90,0.90,13,18
67,0.90,0.90,0.90,19,16
68,0.90,0.90,0.90,19,18
70,0.90,0.90,0.90,18,16
69,0.90,0.90,0.90,12,18
71,0.90,0.90,0.90,23,18
72,0.90,0.90,0.90,11,18
73,0.90,0.90,0.90,20,16
74,0.90,0.90,0.90,22,16
75,0.90,0.90,0.90,24,16
76,0.90,0.90,0.90,17,16
77,0.90,0.90,0.90,554,16
78,0.90,0.90,0.90,11,16
79,0.90,0.90,0.90,18,16
80,0.90,0.90,0.90,14,16
81,0.90,0.90,0.90,26,16
82,0.90,0.90,0.90,13,16
83,0.90,0.90,0.90,15,16
84,0.90,0.90,0.90,547,16
85,0.90,0.90,0.90,30,16
86,0.90,0.90,0.90,5178,16
87,0.90,0.90,0.90,20,16
88,0.90,0.90,0.90,21,16
89,0.90,0.90,0.90,156221,16
91,0.90,0.90,0.90,22,16
90,0.90,0.90,0.90,113,16
92,0.90,0.90,0.90,23,16
93,0.90,0.90,0.90,105716,16
94,0.90,0.90,0.90,23,16
95,0.90,0.90,0.90,25,16
96,0.90,0.90,0.90,26,16
97,0.90,0.90,0.90,14370,16
98,0.90,0.90,0.90,86,16
99,0.90,0.90,0.90,20,16
100,0.90,0.90,0.90,18,16
------------------------
1,0.80,0.90,0.90,2389,16
3,0.80,0.90,0.90,39,16
4,0.80,0.90,0.90,28,16
2,0.80,0.90,0.90,30,16
7,0.80,0.90,0.90,47,16
8,0.80,0.90,0.90,7902,16
6,0.80,0.90,0.90,10,16
12,0.80,0.90,0.90,26,16
9,0.80,0.90,0.90,1622,16
10,0.80,0.90,0.90,26,16
13,0.80,0.90,0.90,27,16
11,0.80,0.90,0.90,56,16
14,0.80,0.90,0.90,8267,16
15,0.80,0.90,0.90,5894,16
17,0.80,0.90,0.90,18,16
18,0.80,0.90,0.90,434,16
16,0.80,0.90,0.90,72,16
20,0.80,0.90,0.90,42,16
19,0.80,0.90,0.90,54,16
24,0.80,0.90,0.90,28,16
21,0.80,0.90,0.90,111,16
26,0.80,0.90,0.90,66,16
25,0.80,0.90,0.90,25,16
23,0.80,0.90,0.90,28,16
27,0.80,0.90,0.90,38,16
30,0.80,0.90,0.90,56,16
29,0.80,0.90,0.90,164,16
28,0.80,0.90,0.90,1636,16
33,0.80,0.90,0.90,15,16
32,0.80,0.90,0.90,927,16
36,0.80,0.90,0.90,38,16
35,0.80,0.90,0.90,15008,16
37,0.80,0.90,0.90,613,16
38,0.80,0.90,0.90,49,16
34,0.80,0.90,0.90,110,16
40,0.80,0.90,0.90,560,16
39,0.80,0.90,0.90,10412,16
43,0.80,0.90,0.90,58,16
42,0.80,0.90,0.90,23,16
41,0.80,0.90,0.90,22,16
45,0.80,0.90,0.90,21,16
48,0.80,0.90,0.90,29,16
47,0.80,0.90,0.90,20,16
44,0.80,0.90,0.90,15,16
46,0.80,0.90,0.90,24,16
49,0.80,0.90,0.90,23,16
50,0.80,0.90,0.90,1456,16
53,0.80,0.90,0.90,56,16
52,0.80,0.90,0.90,110,16
51,0.80,0.90,0.90,23,16
54,0.80,0.90,0.90,20,16
55,0.80,0.90,0.90,31,16
57,0.80,0.90,0.90,27,16
56,0.80,0.90,0.90,140,16
58,0.80,0.90,0.90,37,16
62,0.80,0.90,0.90,21,16
59,0.80,0.90,0.90,30,16
61,0.80,0.90,0.90,36,16
63,0.80,0.90,0.90,54,16
64,0.80,0.90,0.90,1167,16
65,0.80,0.90,0.90,43,16
66,0.80,0.90,0.90,19,16
67,0.80,0.90,0.90,63,16
68,0.80,0.90,0.90,23,16
70,0.80,0.90,0.90,75,16
73,0.80,0.90,0.90,38,16
72,0.80,0.90,0.90,18,16
71,0.80,0.90,0.90,14451,16
75,0.80,0.90,0.90,55,16
69,0.80,0.90,0.90,314674,16
74,0.80,0.90,0.90,24661,16
76,0.80,0.90,0.90,19,16
77,0.80,0.90,0.90,24,16
80,0.80,0.90,0.90,856,16
78,0.80,0.90,0.90,2960,16
79,0.80,0.90,0.90,1295,16
81,0.80,0.90,0.90,57,16
83,0.80,0.90,0.90,18,16
82,0.80,0.90,0.90,30,16
84,0.80,0.90,0.90,29018,16
85,0.80,0.90,0.90,19,16
89,0.80,0.90,0.90,44,16
87,0.80,0.90,0.90,18,16
86,0.80,0.90,0.90,28,16
88,0.80,0.90,0.90,1546,16
92,0.80,0.90,0.90,52,16
93,0.80,0.90,0.90,5074,16
91,0.80,0.90,0.90,21,16
96,0.80,0.90,0.90,42,16
95,0.80,0.90,0.90,33,16
94,0.80,0.90,0.90,29,16
98,0.80,0.90,0.90,29,16
99,0.80,0.90,0.90,14,16
97,0.80,0.90,0.90,22,16
100,0.80,0.90,0.90,37,16
90,0.80,0.90,0.90,299875,16
5,0.80,0.90,0.90,12,18
31,0.80,0.90,0.90,41,18
22,0.80,0.90,0.90,21,18
60,0.80,0.90,0.90,10,18
8,0.60,0.90,0.90,1435,16
3,0.60,0.90,0.90,273,16
7,0.60,0.90,0.90,263,16
4,0.60,0.90,0.90,111,16
6,0.60,0.90,0.90,34,16
5,0.60,0.90,0.90,341,16
1,0.60,0.90,0.90,240,16
11,0.60,0.90,0.90,9624,16
9,0.60,0.90,0.90,150,16
10,0.60,0.90,0.90,158,16
2,0.60,0.90,0.90,54346,16
12,0.60,0.90,0.90,136,16
14,0.60,0.90,0.90,39,16
13,0.60,0.90,0.90,182,16
16,0.60,0.90,0.90,1159,16
15,0.60,0.90,0.90,109,16
18,0.60,0.90,0.90,446,16
21,0.60,0.90,0.90,157,16
19,0.60,0.90,0.90,683,16
17,0.60,0.90,0.90,376,16
20,0.60,0.90,0.90,121,16
22,0.60,0.90,0.90,215,16
27,0.60,0.90,0.90,165,16
25,0.60,0.90,0.90,174,16
24,0.60,0.90,0.90,130,16
23,0.60,0.90,0.90,2706,16
26,0.60,0.90,0.90,393,16
28,0.60,0.90,0.90,89,16
29,0.60,0.90,0.90,183,16
31,0.60,0.90,0.90,124,16
34,0.60,0.90,0.90,115,16
32,0.60,0.90,0.90,59,16
33,0.60,0.90,0.90,78,16
37,0.60,0.90,0.90,210,16
30,0.60,0.90,0.90,17480,16
35,0.60,0.90,0.90,350,16
36,0.60,0.90,0.90,178,16
38,0.60,0.90,0.90,366,16
42,0.60,0.90,0.90,526,16
40,0.60,0.90,0.90,293,16
39,0.60,0.90,0.90,139,16
41,0.60,0.90,0.90,586,16
44,0.60,0.90,0.90,88,16
45,0.60,0.90,0.90,129,16
43,0.60,0.90,0.90,39,16
46,0.60,0.90,0.90,20,16
47,0.60,0.90,0.90,160,16
48,0.60,0.90,0.90,77,16
52,0.60,0.90,0.90,252,16
51,0.60,0.90,0.90,201,16
50,0.60,0.90,0.90,182,16
49,0.60,0.90,0.90,163,16
54,0.60,0.90,0.90,390,16
55,0.60,0.90,0.90,9411,16
53,0.60,0.90,0.90,111,16
56,0.60,0.90,0.90,133,16
59,0.60,0.90,0.90,80,16
60,0.60,0.90,0.90,494,16
57,0.60,0.90,0.90,56,16
58,0.60,0.90,0.90,618,16
62,0.60,0.90,0.90,109,16
61,0.60,0.90,0.90,1316,16
66,0.60,0.90,0.90,749,16
67,0.60,0.90,0.90,368,16
68,0.60,0.90,0.90,389,16
64,0.60,0.90,0.90,189,16
65,0.60,0.90,0.90,131,16
63,0.60,0.90,0.90,21116,16
69,0.60,0.90,0.90,146,16
70,0.60,0.90,0.90,208,16
72,0.60,0.90,0.90,251,16
77,0.60,0.90,0.90,921,16
76,0.60,0.90,0.90,146,16
73,0.60,0.90,0.90,2976,16
74,0.60,0.90,0.90,381,16
71,0.60,0.90,0.90,214,16
75,0.60,0.90,0.90,142,16
78,0.60,0.90,0.90,106,16
79,0.60,0.90,0.90,3165,16
81,0.60,0.90,0.90,106,16
80,0.60,0.90,0.90,1216,16
83,0.60,0.90,0.90,58,16
86,0.60,0.90,0.90,8953,16
82,0.60,0.90,0.90,594,16
84,0.60,0.90,0.90,1466,16
85,0.60,0.90,0.90,652,16
87,0.60,0.90,0.90,13,16
90,0.60,0.90,0.90,85,16
92,0.60,0.90,0.90,457,16
89,0.60,0.90,0.90,50,16
91,0.60,0.90,0.90,41,16
88,0.60,0.90,0.90,461,16
93,0.60,0.90,0.90,516,16
94,0.60,0.90,0.90,585,16
97,0.60,0.90,0.90,609,16
96,0.60,0.90,0.90,89,16
95,0.60,0.90,0.90,7820,16
100,0.60,0.90,0.90,478,16
99,0.60,0.90,0.90,367,16
98,0.60,0.90,0.90,641,16
6,0.50,0.90,0.90,503,16
7,0.50,0.90,0.90,1914,16
3,0.50,0.90,0.90,1591,16
2,0.50,0.90,0.90,48,16
1,0.50,0.90,0.90,3006,16
8,0.50,0.90,0.90,3035,16
4,0.50,0.90,0.90,2554,16
5,0.50,0.90,0.90,1471,16
9,0.50,0.90,0.90,80,16
10,0.50,0.90,0.90,1381,16
12,0.50,0.90,0.90,374,16
11,0.50,0.90,0.90,1668,16
13,0.50,0.90,0.90,3416,16
16,0.50,0.90,0.90,262,16
14,0.50,0.90,0.90,2193,16
15,0.50,0.90,0.90,275,16
17,0.50,0.90,0.90,1627,16
20,0.50,0.90,0.90,767,16
18,0.50,0.90,0.90,2835,16
19,0.50,0.90,0.90,3020,16
22,0.50,0.90,0.90,532,16
21,0.50,0.90,0.90,2109,16
23,0.50,0.90,0.90,1969,16
24,0.50,0.90,0.90,3583,16
25,0.50,0.90,0.90,4270,16
27,0.50,0.90,0.90,66,16
30,0.50,0.90,0.90,898,16
29,0.50,0.90,0.90,496,16
26,0.50,0.90,0.90,1542,16
28,0.50,0.90,0.90,7867,16
31,0.50,0.90,0.90,2615,16
38,0.50,0.90,0.90,1449,16
32,0.50,0.90,0.90,656,16
34,0.50,0.90,0.90,2669,16
35,0.50,0.90,0.90,2737,16
33,0.50,0.90,0.90,515,16
36,0.50,0.90,0.90,4205,16
37,0.50,0.90,0.90,1811,16
39,0.50,0.90,0.90,3674,16
44,0.50,0.90,0.90,1315,16
42,0.50,0.90,0.90,375,16
43,0.50,0.90,0.90,8526,16
40,0.50,0.90,0.90,9528,16
46,0.50,0.90,0.90,2709,16
41,0.50,0.90,0.90,311,16
45,0.50,0.90,0.90,460,16
47,0.50,0.90,0.90,1543,16
48,0.50,0.90,0.90,3590,16
49,0.50,0.90,0.90,2009,16
50,0.50,0.90,0.90,3381,16
51,0.50,0.90,0.90,382,16
54,0.50,0.90,0.90,2088,16
52,0.50,0.90,0.90,1204,16
58,0.50,0.90,0.90,25,16
53,0.50,0.90,0.90,55,16
56,0.50,0.90,0.90,3743,16
55,0.50,0.90,0.90,985,16
57,0.50,0.90,0.90,1145,16
59,0.50,0.90,0.90,871,16
60,0.50,0.90,0.90,3578,16
61,0.50,0.90,0.90,9096,16
64,0.50,0.90,0.90,175,16
62,0.50,0.90,0.90,4787,16
63,0.50,0.90,0.90,7736,16
65,0.50,0.90,0.90,320,16
66,0.50,0.90,0.90,723,16
71,0.50,0.90,0.90,1231,16
67,0.50,0.90,0.90,5724,16
70,0.50,0.90,0.90,2582,16
69,0.50,0.90,0.90,2746,16
68,0.50,0.90,0.90,1591,16
72,0.50,0.90,0.90,1000,16
73,0.50,0.90,0.90,1035,16
75,0.50,0.90,0.90,1292,16
74,0.50,0.90,0.90,5964,16
77,0.50,0.90,0.90,1681,16
76,0.50,0.90,0.90,2786,16
78,0.50,0.90,0.90,107,16
79,0.50,0.90,0.90,1520,16
80,0.50,0.90,0.90,144,16
81,0.50,0.90,0.90,605,16
85,0.50,0.90,0.90,801,16
84,0.50,0.90,0.90,2667,16
82,0.50,0.90,0.90,2672,16
83,0.50,0.90,0.90,4375,16
86,0.50,0.90,0.90,4816,16
91,0.50,0.90,0.90,1550,16
88,0.50,0.90,0.90,717,16
90,0.50,0.90,0.90,4139,16
92,0.50,0.90,0.90,2090,16
89,0.50,0.90,0.90,1768,16
87,0.50,0.90,0.90,2841,16
97,0.50,0.90,0.90,323,16
95,0.50,0.90,0.90,750,16
96,0.50,0.90,0.90,787,16
93,0.50,0.90,0.90,11968,16
94,0.50,0.90,0.90,3659,16
99,0.50,0.90,0.90,1088,16
100,0.50,0.90,0.90,2139,16
98,0.50,0.90,0.90,3255,16
4,0.40,0.90,0.90,6269,16
8,0.40,0.90,0.90,3582,16
7,0.40,0.90,0.90,10023,16
1,0.40,0.90,0.90,2834,16
5,0.40,0.90,0.90,20730,16
3,0.40,0.90,0.90,42152,16
6,0.40,0.90,0.90,2488,16
9,0.40,0.90,0.90,486,16
2,0.40,0.90,0.90,10396,16
10,0.40,0.90,0.90,8162,16
11,0.40,0.90,0.90,4423,16
16,0.40,0.90,0.90,3884,16
12,0.40,0.90,0.90,35435,16
14,0.40,0.90,0.90,263,16
15,0.40,0.90,0.90,42690,16
13,0.40,0.90,0.90,34407,16
17,0.40,0.90,0.90,5479,16
20,0.40,0.90,0.90,6867,16
18,0.40,0.90,0.90,5362,16
25,0.40,0.90,0.90,2854,16
19,0.40,0.90,0.90,18860,16
22,0.40,0.90,0.90,34134,16
23,0.40,0.90,0.90,4942,16
24,0.40,0.90,0.90,20926,16
21,0.40,0.90,0.90,39893,16
28,0.40,0.90,0.90,7115,16
26,0.40,0.90,0.90,1143,16
27,0.40,0.90,0.90,3169,16
30,0.40,0.90,0.90,2305,16
29,0.40,0.90,0.90,18497,16
33,0.40,0.90,0.90,5018,16
32,0.40,0.90,0.90,22762,16
31,0.40,0.90,0.90,4284,16
40,0.40,0.90,0.90,2746,16
34,0.40,0.90,0.90,17325,16
36,0.40,0.90,0.90,3717,16
35,0.40,0.90,0.90,3815,16
38,0.40,0.90,0.90,6370,16
41,0.40,0.90,0.90,12225,16
45,0.40,0.90,0.90,9936,16
42,0.40,0.90,0.90,24586,16
39,0.40,0.90,0.90,15380,16
37,0.40,0.90,0.90,12856,16
44,0.40,0.90,0.90,10872,16
43,0.40,0.90,0.90,9025,16
47,0.40,0.90,0.90,9314,16
48,0.40,0.90,0.90,25601,16
46,0.40,0.90,0.90,6057,16
51,0.40,0.90,0.90,6095,16
50,0.40,0.90,0.90,15407,16
52,0.40,0.90,0.90,2209,16
56,0.40,0.90,0.90,3642,16
49,0.40,0.90,0.90,37943,16
54,0.40,0.90,0.90,12165,16
55,0.40,0.90,0.90,6837,16
53,0.40,0.90,0.90,12972,16
57,0.40,0.90,0.90,4224,16
61,0.40,0.90,0.90,970,16
62,0.40,0.90,0.90,78,16
60,0.40,0.90,0.90,16871,16
59,0.40,0.90,0.90,7275,16
63,0.40,0.90,0.90,533,16
58,0.40,0.90,0.90,22889,16
64,0.40,0.90,0.90,39959,16
67,0.40,0.90,0.90,14758,16
65,0.40,0.90,0.90,44822,16
66,0.40,0.90,0.90,5181,16
69,0.40,0.90,0.90,1889,16
68,0.40,0.90,0.90,62082,16
70,0.40,0.90,0.90,1691,16
71,0.40,0.90,0.90,8065,16
72,0.40,0.90,0.90,11628,16
73,0.40,0.90,0.90,7786,16
76,0.40,0.90,0.90,2976,16
74,0.40,0.90,0.90,20081,16
77,0.40,0.90,0.90,7124,16
79,0.40,0.90,0.90,37729,16
78,0.40,0.90,0.90,20763,16
80,0.40,0.90,0.90,3950,16
75,0.40,0.90,0.90,5923,16
82,0.40,0.90,0.90,5061,16
84,0.40,0.90,0.90,3079,16
81,0.40,0.90,0.90,43331,16
85,0.40,0.90,0.90,5975,16
83,0.40,0.90,0.90,8415,16
86,0.40,0.90,0.90,7226,16
89,0.40,0.90,0.90,8340,16
88,0.40,0.90,0.90,35307,16
87,0.40,0.90,0.90,21570,16
91,0.40,0.90,0.90,24309,16
90,0.40,0.90,0.90,6396,16
93,0.40,0.90,0.90,15635,16
92,0.40,0.90,0.90,4588,16
96,0.40,0.90,0.90,2241,16
95,0.40,0.90,0.90,7063,16
94,0.40,0.90,0.90,33263,16
97,0.40,0.90,0.90,1441,16
99,0.40,0.90,0.90,9772,16
100,0.40,0.90,0.90,6535,16
98,0.40,0.90,0.90,10954,16
3,0.30,0.90,0.90,9276,16
1,0.30,0.90,0.90,55772,16
2,0.30,0.90,0.90,38337,16
7,0.30,0.90,0.90,23929,16
10,0.30,0.90,0.90,34294,16
11,0.30,0.90,0.90,26325,16
9,0.30,0.90,0.90,112608,16
12,0.30,0.90,0.90,2791,16
14,0.30,0.90,0.90,49805,16
15,0.30,0.90,0.90,11390,16
16,0.30,0.90,0.90,69063,16
17,0.30,0.90,0.90,40408,16
20,0.30,0.90,0.90,55094,16
4,0.30,0.90,0.90,104689,16
19,0.30,0.90,0.90,92128,16
21,0.30,0.90,0.90,81595,16
24,0.30,0.90,0.90,20028,16
13,0.30,0.90,0.90,197141,16
25,0.30,0.90,0.90,6081,16
5,0.30,0.90,0.90,223892,16
22,0.30,0.90,0.90,155191,16
28,0.30,0.90,0.90,25980,16
29,0.30,0.90,0.90,19621,16
31,0.30,0.90,0.90,68361,16
23,0.30,0.90,0.90,207613,16
32,0.30,0.90,0.90,49849,16
33,0.30,0.90,0.90,87388,16
34,0.30,0.90,0.90,106287,16
18,0.30,0.90,0.90,334267,16
36,0.30,0.90,0.90,102346,16
37,0.30,0.90,0.90,72776,16
26,0.30,0.90,0.90,302023,16
38,0.30,0.90,0.90,41087,16
40,0.30,0.90,0.90,13420,16
27,0.30,0.90,0.90,312886,16
35,0.30,0.90,0.90,236891,16
6,0.30,0.90,0.90,384959,16
8,0.30,0.90,0.90,435415,16
44,0.30,0.90,0.90,11398,16
45,0.30,0.90,0.90,24034,16
30,0.30,0.90,0.90,332498,16
47,0.30,0.90,0.90,69535,16
43,0.30,0.90,0.90,160980,16
42,0.30,0.90,0.90,173170,16
46,0.30,0.90,0.90,130979,16
51,0.30,0.90,0.90,10185,16
52,0.30,0.90,0.90,21278,16
48,0.30,0.90,0.90,127705,16
49,0.30,0.90,0.90,51986,16
50,0.30,0.90,0.90,58442,16
39,0.30,0.90,0.90,219611,16
55,0.30,0.90,0.90,93808,16
41,0.30,0.90,0.90,220018,16
60,0.30,0.90,0.90,61930,16
61,0.30,0.90,0.90,4181,16
62,0.30,0.90,0.90,120911,16
57,0.30,0.90,0.90,132046,16
53,0.30,0.90,0.90,113249,16
64,0.30,0.90,0.90,42895,16
65,0.30,0.90,0.90,57379,16
63,0.30,0.90,0.90,146192,16
66,0.30,0.90,0.90,90114,16
67,0.30,0.90,0.90,46504,16
68,0.30,0.90,0.90,19345,16
72,0.30,0.90,0.90,25206,16
54,0.30,0.90,0.90,235215,16
70,0.30,0.90,0.90,167549,16
74,0.30,0.90,0.90,181422,16
56,0.30,0.90,0.90,244397,16
69,0.30,0.90,0.90,166160,16
59,0.30,0.90,0.90,182169,16
75,0.30,0.90,0.90,147600,16
76,0.30,0.90,0.90,26667,16
80,0.30,0.90,0.90,20455,16
82,0.30,0.90,0.90,30588,16
58,0.30,0.90,0.90,255715,16
71,0.30,0.90,0.90,224733,16
83,0.30,0.90,0.90,83597,16
78,0.30,0.90,0.90,140040,16
73,0.30,0.90,0.90,245212,16
86,0.30,0.90,0.90,58907,16
87,0.30,0.90,0.90,9469,16
89,0.30,0.90,0.90,14553,16
88,0.30,0.90,0.90,90713,16
90,0.30,0.90,0.90,64604,16
92,0.30,0.90,0.90,101387,16
85,0.30,0.90,0.90,178238,16
81,0.30,0.90,0.90,190394,16
93,0.30,0.90,0.90,153646,16
95,0.30,0.90,0.90,64341,16
79,0.30,0.90,0.90,242193,16
96,0.30,0.90,0.90,77352,16
94,0.30,0.90,0.90,130701,16
91,0.30,0.90,0.90,171867,16
84,0.30,0.90,0.90,207552,16
99,0.30,0.90,0.90,95940,16
100,0.30,0.90,0.90,76817,16
77,0.30,0.90,0.90,297796,16
98,0.30,0.90,0.90,246974,16
97,0.30,0.90,0.90,315003,16
6,0.20,0.90,0.90,265821,16
8,0.20,0.90,0.90,313424,16
3,0.20,0.90,0.90,352244,16
11,0.20,0.90,0.90,477368,16
9,0.20,0.90,0.90,582616,16
2,0.20,0.90,0.90,792410,16
13,0.20,0.90,0.90,425833,16
1,0.20,0.90,0.90,284960,17
7,0.20,0.90,0.90,684119,17
4,0.20,0.90,0.90,437005,17
5,0.20,0.90,0.90,842276,17
16,0.20,0.90,0.90,25036,16
10,0.20,0.90,0.90,568878,17
12,0.20,0.90,0.90,181105,17
20,0.20,0.90,0.90,594761,16
14,0.20,0.90,0.90,67078,17
21,0.20,0.90,0.90,710358,16
15,0.20,0.90,0.90,390936,17
23,0.20,0.90,0.90,206949,16
24,0.20,0.90,0.90,389680,16
19,0.20,0.90,0.90,644827,17
17,0.20,0.90,0.90,165436,17
18,0.20,0.90,0.90,247064,17
22,0.20,0.90,0.90,244341,17
25,0.20,0.90,0.90,551490,17
26,0.20,0.90,0.90,33474,17
33,0.20,0.90,0.90,211484,16
27,0.20,0.90,0.90,106053,17
34,0.20,0.90,0.90,519898,16
31,0.20,0.90,0.90,694101,17
35,0.20,0.90,0.90,165836,17
29,0.20,0.90,0.90,211329,17
30,0.20,0.90,0.90,856423,17
32,0.20,0.90,0.90,772095,16
28,0.20,0.90,0.90,383673,17
36,0.20,0.90,0.90,964538,17
44,0.20,0.90,0.90,230927,16
43,0.20,0.90,0.90,967002,16
37,0.20,0.90,0.90,240203,17
45,0.20,0.90,0.90,193065,17
41,0.20,0.90,0.90,385446,17
38,0.20,0.90,0.90,380784,17
40,0.20,0.90,0.90,84926,17
39,0.20,0.90,0.90,28101,17
42,0.20,0.90,0.90,282296,17
49,0.20,0.90,0.90,738631,16
46,0.20,0.90,0.90,920187,17
47,0.20,0.90,0.90,358858,17
48,0.20,0.90,0.90,176399,17
50,0.20,0.90,0.90,87912,17
51,0.20,0.90,0.90,131446,17
52,0.20,0.90,0.90,177573,17
58,0.20,0.90,0.90,179636,16
53,0.20,0.90,0.90,11991,17
56,0.20,0.90,0.90,417311,16
62,0.20,0.90,0.90,507797,16
64,0.20,0.90,0.90,201663,16
65,0.20,0.90,0.90,335493,16
54,0.20,0.90,0.90,521077,17
63,0.20,0.90,0.90,48658,17
59,0.20,0.90,0.90,871479,16
61,0.20,0.90,0.90,457226,17
60,0.20,0.90,0.90,772794,17
57,0.20,0.90,0.90,4483,17
55,0.20,0.90,0.90,233729,17
72,0.20,0.90,0.90,329579,16
4,0.90,0.80,0.90,22,16
5,0.90,0.80,0.90,260,16
1,0.90,0.80,0.90,14,16
8,0.90,0.80,0.90,18,16
3,0.90,0.80,0.90,21,16
6,0.90,0.80,0.90,27,16
2,0.90,0.80,0.90,2717,16
9,0.90,0.80,0.90,23,16
12,0.90,0.80,0.90,19,16
14,0.90,0.80,0.90,11,16
10,0.90,0.80,0.90,17,16
7,0.90,0.80,0.90,117798,16
13,0.90,0.80,0.90,2550,16
11,0.90,0.80,0.90,23,16
16,0.90,0.80,0.90,254,16
17,0.90,0.80,0.90,24,16
18,0.90,0.80,0.90,868,16
19,0.90,0.80,0.90,22,16
20,0.90,0.80,0.90,15,16
24,0.90,0.80,0.90,22,16
21,0.90,0.80,0.90,19,16
23,0.90,0.80,0.90,28,16
26,0.90,0.80,0.90,19,16
22,0.90,0.80,0.90,35,16
27,0.90,0.80,0.90,164,16
25,0.90,0.80,0.90,3403,16
28,0.90,0.80,0.90,128,16
30,0.90,0.80,0.90,23,16
31,0.90,0.80,0.90,3769,16
34,0.90,0.80,0.90,19,16
33,0.90,0.80,0.90,307,16
35,0.90,0.80,0.90,19,16
32,0.90,0.80,0.90,17,16
36,0.90,0.80,0.90,260,16
37,0.90,0.80,0.90,12,16
38,0.90,0.80,0.90,15,16
41,0.90,0.80,0.90,15,16
40,0.90,0.80,0.90,89,16
42,0.90,0.80,0.90,18,16
43,0.90,0.80,0.90,24,16
45,0.90,0.80,0.90,13,16
29,0.90,0.80,0.90,9,18
46,0.90,0.80,0.90,24,16
47,0.90,0.80,0.90,31456,16
49,0.90,0.80,0.90,14,16
50,0.90,0.80,0.90,2894,16
51,0.90,0.80,0.90,13,16
53,0.90,0.80,0.90,13,16
52,0.90,0.80,0.90,36,16
54,0.90,0.80,0.90,23,16
55,0.90,0.80,0.90,32,16
56,0.90,0.80,0.90,16,16
57,0.90,0.80,0.90,32,16
58,0.90,0.80,0.90,6204,16
59,0.90,0.80,0.90,16,16
60,0.90,0.80,0.90,660,16
61,0.90,0.80,0.90,24,16
62,0.90,0.80,0.90,16,16
63,0.90,0.80,0.90,24,16
65,0.90,0.80,0.90,26,16
64,0.90,0.80,0.90,184,16
66,0.90,0.80,0.90,22,16
39,0.90,0.80,0.90,18,18
15,0.90,0.80,0.90,12,18
67,0.90,0.80,0.90,14,16
68,0.90,0.80,0.90,9,16
69,0.90,0.80,0.90,24,16
70,0.90,0.80,0.90,30,16
71,0.90,0.80,0.90,21,16
74,0.90,0.80,0.90,19,16
72,0.90,0.80,0.90,60,16
73,0.90,0.80,0.90,17,16
75,0.90,0.80,0.90,133,16
77,0.90,0.80,0.90,383,16
76,0.90,0.80,0.90,127,16
79,0.90,0.80,0.90,19,16
78,0.90,0.80,0.90,11,16
80,0.90,0.80,0.90,23,16
84,0.90,0.80,0.90,16,16
81,0.90,0.80,0.90,28,16
83,0.90,0.80,0.90,31,16
85,0.90,0.80,0.90,30,16
86,0.90,0.80,0.90,14,16
82,0.90,0.80,0.90,89638,16
44,0.90,0.80,0.90,23,18
87,0.90,0.80,0.90,2010,16
89,0.90,0.80,0.90,23,16
88,0.90,0.80,0.90,22,16
91,0.90,0.80,0.90,20,16
92,0.90,0.80,0.90,18,16
95,0.90,0.80,0.90,17,16
94,0.90,0.80,0.90,22,16
90,0.90,0.80,0.90,106816,16
96,0.90,0.80,0.90,18,16
93,0.90,0.80,0.90,20801,16
97,0.90,0.80,0.90,16,16
98,0.90,0.80,0.90,24,16
100,0.90,0.80,0.90,9,16
99,0.90,0.80,0.90,86477,16
48,0.90,0.80,0.90,22,18
2,0.90,0.70,0.90,22,16
8,0.90,0.70,0.90,126,16
6,0.90,0.70,0.90,20,16
1,0.90,0.70,0.90,17,16
4,0.90,0.70,0.90,23,16
5,0.90,0.70,0.90,24,16
3,0.90,0.70,0.90,20,16
9,0.90,0.70,0.90,7,16
10,0.90,0.70,0.90,1696,16
12,0.90,0.70,0.90,32,16
15,0.90,0.70,0.90,95,16
11,0.90,0.70,0.90,89101,16
14,0.90,0.70,0.90,23,16
17,0.90,0.70,0.90,31,16
16,0.90,0.70,0.90,2728,16
18,0.90,0.70,0.90,18,16
21,0.90,0.70,0.90,5951,16
20,0.90,0.70,0.90,14,16
23,0.90,0.70,0.90,32,16
22,0.90,0.70,0.90,26,16
24,0.90,0.70,0.90,28,16
25,0.90,0.70,0.90,14,16
26,0.90,0.70,0.90,16,16
28,0.90,0.70,0.90,13,16
27,0.90,0.70,0.90,20246,16
29,0.90,0.70,0.90,26,16
30,0.90,0.70,0.90,68,16
31,0.90,0.70,0.90,4878,16
32,0.90,0.70,0.90,32,16
33,0.90,0.70,0.90,22,16
34,0.90,0.70,0.90,22,16
35,0.90,0.70,0.90,74,16
38,0.90,0.70,0.90,18,16
36,0.90,0.70,0.90,22,16
37,0.90,0.70,0.90,23,16
39,0.90,0.70,0.90,38,16
40,0.90,0.70,0.90,28,16
42,0.90,0.70,0.90,64,16
41,0.90,0.70,0.90,13,16
44,0.90,0.70,0.90,26,16
45,0.90,0.70,0.90,17,16
46,0.90,0.70,0.90,29,16
48,0.90,0.70,0.90,12,16
49,0.90,0.70,0.90,10,16
50,0.90,0.70,0.90,18,16
51,0.90,0.70,0.90,22,16
52,0.90,0.70,0.90,8520,16
54,0.90,0.70,0.90,19,16
56,0.90,0.70,0.90,28,16
57,0.90,0.70,0.90,9,16
58,0.90,0.70,0.90,28,16
53,0.90,0.70,0.90,520444,16
60,0.90,0.70,0.90,3660,16
55,0.90,0.70,0.90,584984,16
61,0.90,0.70,0.90,22,18
62,0.90,0.70,0.90,22,16
63,0.90,0.70,0.90,17,16
64,0.90,0.70,0.90,24,16
65,0.90,0.70,0.90,23,16
67,0.90,0.70,0.90,3772,16
68,0.90,0.70,0.90,7435,16
7,0.90,0.70,0.90,844351,16
69,0.90,0.70,0.90,30,16
70,0.90,0.70,0.90,24,16
71,0.90,0.70,0.90,24,16
73,0.90,0.70,0.90,29,16
72,0.90,0.70,0.90,139140,16
74,0.90,0.70,0.90,7156,16
76,0.90,0.70,0.90,13,16
75,0.90,0.70,0.90,17,16
77,0.90,0.70,0.90,285560,16
78,0.90,0.70,0.90,299,16
79,0.90,0.70,0.90,21,16
80,0.90,0.70,0.90,5693,16
81,0.90,0.70,0.90,12,16
82,0.90,0.70,0.90,6851,16
83,0.90,0.70,0.90,1948,16
84,0.90,0.70,0.90,28,16
85,0.90,0.70,0.90,15,16
87,0.90,0.70,0.90,26,16
88,0.90,0.70,0.90,25,16
89,0.90,0.70,0.90,417387,16
90,0.90,0.70,0.90,17,16
91,0.90,0.70,0.90,294873,17
13,0.90,0.70,0.90,14,18
19,0.90,0.70,0.90,18,18
43,0.90,0.70,0.90,22,18
59,0.90,0.70,0.90,18,18
47,0.90,0.70,0.90,15,18
66,0.90,0.70,0.90,25,18
97,0.90,0.70,0.90,14,16
98,0.90,0.70,0.90,6080,16
96,0.90,0.70,0.90,20,16
94,0.90,0.70,0.90,6351,16
99,0.90,0.70,0.90,26,16
95,0.90,0.70,0.90,120497,16
100,0.90,0.70,0.90,7635,16
93,0.90,0.70,0.90,18,16
92,0.90,0.70,0.90,21,16
86,0.90,0.70,0.90,21,18
7,0.90,0.60,0.90,28,16
8,0.90,0.60,0.90,397,16
1,0.90,0.60,0.90,3782,16
6,0.90,0.60,0.90,1015,16
5,0.90,0.60,0.90,20,16
3,0.90,0.60,0.90,15,16
2,0.90,0.60,0.90,19636,16
9,0.90,0.60,0.90,21,16
10,0.90,0.60,0.90,14,16
11,0.90,0.60,0.90,24,16
4,0.90,0.60,0.90,247919,16
13,0.90,0.60,0.90,24,16
16,0.90,0.60,0.90,15,16
14,0.90,0.60,0.90,25,16
18,0.90,0.60,0.90,14,16
19,0.90,0.60,0.90,14,16
20,0.90,0.60,0.90,62,16
21,0.90,0.60,0.90,655,16
24,0.90,0.60,0.90,35,16
26,0.90,0.60,0.90,23,16
23,0.90,0.60,0.90,24,16
25,0.90,0.60,0.90,171,16
22,0.90,0.60,0.90,28,16
27,0.90,0.60,0.90,31,16
31,0.90,0.60,0.90,27,16
30,0.90,0.60,0.90,24,16
29,0.90,0.60,0.90,24,16
32,0.90,0.60,0.90,55,16
34,0.90,0.60,0.90,18,16
36,0.90,0.60,0.90,13,16
37,0.90,0.60,0.90,22,16
33,0.90,0.60,0.90,285673,16
38,0.90,0.60,0.90,34,16
40,0.90,0.60,0.90,30,16
39,0.90,0.60,0.90,12,16
43,0.90,0.60,0.90,13,16
42,0.90,0.60,0.90,66083,16
44,0.90,0.60,0.90,36,16
45,0.90,0.60,0.90,23,16
46,0.90,0.60,0.90,28,16
47,0.90,0.60,0.90,24,16
48,0.90,0.60,0.90,32,16
49,0.90,0.60,0.90,17,16
50,0.90,0.60,0.90,14,16
52,0.90,0.60,0.90,17,16
51,0.90,0.60,0.90,13473,16
53,0.90,0.60,0.90,23,16
54,0.90,0.60,0.90,542,16
55,0.90,0.60,0.90,15,16
56,0.90,0.60,0.90,12,16
58,0.90,0.60,0.90,30,16
59,0.90,0.60,0.90,25,16
60,0.90,0.60,0.90,22,16
61,0.90,0.60,0.90,124,16
62,0.90,0.60,0.90,415153,16
63,0.90,0.60,0.90,29,16
64,0.90,0.60,0.90,27,16
65,0.90,0.60,0.90,29,16
66,0.90,0.60,0.90,21,16
67,0.90,0.60,0.90,1865,16
68,0.90,0.60,0.90,56,17
69,0.90,0.60,0.90,39,16
70,0.90,0.60,0.90,27,16
71,0.90,0.60,0.90,973582,16
72,0.90,0.60,0.90,18,16
73,0.90,0.60,0.90,22,16
74,0.90,0.60,0.90,28,16
75,0.90,0.60,0.90,26,16
15,0.90,0.60,0.90,8183,17
76,0.90,0.60,0.90,179158,16
77,0.90,0.60,0.90,10,16
78,0.90,0.60,0.90,24,16
35,0.90,0.60,0.90,23,18
28,0.90,0.60,0.90,17,18
79,0.90,0.60,0.90,34,16
80,0.90,0.60,0.90,133,16
17,0.90,0.60,0.90,7586,17
12,0.90,0.60,0.90,27,18
83,0.90,0.60,0.90,32,16
82,0.90,0.60,0.90,692,16
84,0.90,0.60,0.90,27,16
85,0.90,0.60,0.90,29,16
86,0.90,0.60,0.90,42,16
90,0.90,0.60,0.90,22,16
88,0.90,0.60,0.90,27,16
41,0.90,0.60,0.90,1168,17
91,0.90,0.60,0.90,26,16
89,0.90,0.60,0.90,20,16
93,0.90,0.60,0.90,15,16
94,0.90,0.60,0.90,30,16
95,0.90,0.60,0.90,20,16
96,0.90,0.60,0.90,19,16
98,0.90,0.60,0.90,14,16
92,0.90,0.60,0.90,229303,16
97,0.90,0.60,0.90,31,16
99,0.90,0.60,0.90,1518,16
100,0.90,0.60,0.90,21,16
57,0.90,0.60,0.90,25,18
81,0.90,0.60,0.90,86311,17
87,0.90,0.60,0.90,30,18
6,0.90,0.50,0.90,22,16
3,0.90,0.50,0.90,11997,16
5,0.90,0.50,0.90,31,16
2,0.90,0.50,0.90,34,16
1,0.90,0.50,0.90,248,16
8,0.90,0.50,0.90,30,16
9,0.90,0.50,0.90,13,16
10,0.90,0.50,0.90,25,16
11,0.90,0.50,0.90,25,16
13,0.90,0.50,0.90,29,16
12,0.90,0.50,0.90,136672,16
16,0.90,0.50,0.90,30,16
18,0.90,0.50,0.90,25,16
19,0.90,0.50,0.90,69,16
21,0.90,0.50,0.90,15,16
22,0.90,0.50,0.90,39,16
24,0.90,0.50,0.90,181017,16
25,0.90,0.50,0.90,19,16
26,0.90,0.50,0.90,23,16
27,0.90,0.50,0.90,36,16
28,0.90,0.50,0.90,23,16
29,0.90,0.50,0.90,26,16
30,0.90,0.50,0.90,13,16
31,0.90,0.50,0.90,28,16
32,0.90,0.50,0.90,21,16
33,0.90,0.50,0.90,377,16
34,0.90,0.50,0.90,23,16
35,0.90,0.50,0.90,33,16
36,0.90,0.50,0.90,15,16
37,0.90,0.50,0.90,34,16
38,0.90,0.50,0.90,28,16
39,0.90,0.50,0.90,27,16
40,0.90,0.50,0.90,12,16
41,0.90,0.50,0.90,456262,16
15,0.90,0.50,0.90,529419,16
43,0.90,0.50,0.90,28,16
44,0.90,0.50,0.90,21,16
45,0.90,0.50,0.90,20,16
46,0.90,0.50,0.90,33,16
42,0.90,0.50,0.90,27,18
48,0.90,0.50,0.90,20,16
49,0.90,0.50,0.90,21,16
50,0.90,0.50,0.90,29,16
51,0.90,0.50,0.90,38,16
52,0.90,0.50,0.90,19,16
53,0.90,0.50,0.90,24,16
54,0.90,0.50,0.90,14,16
55,0.90,0.50,0.90,14,18
56,0.90,0.50,0.90,22,18
57,0.90,0.50,0.90,32,16
58,0.90,0.50,0.90,26,18
59,0.90,0.50,0.90,32,16
47,0.90,0.50,0.90,24,18
60,0.90,0.50,0.90,462860,16
61,0.90,0.50,0.90,38,16
62,0.90,0.50,0.90,76,16
63,0.90,0.50,0.90,207870,16
64,0.90,0.50,0.90,81,16
65,0.90,0.50,0.90,35,16
4,0.90,0.50,0.90,31,18
23,0.90,0.50,0.90,29,18
7,0.90,0.50,0.90,29,18
17,0.90,0.50,0.90,40549,17
20,0.90,0.50,0.90,623629,17
14,0.90,0.50,0.90,28,18
70,0.90,0.50,0.90,23,16
69,0.90,0.50,0.90,1636,16
68,0.90,0.50,0.90,25,16
72,0.90,0.50,0.90,10,16
73,0.90,0.50,0.90,24,16
71,0.90,0.50,0.90,26764,16
75,0.90,0.50,0.90,19,16
76,0.90,0.50,0.90,110,16
77,0.90,0.50,0.90,31,16
78,0.90,0.50,0.90,10,16
79,0.90,0.50,0.90,29,16
82,0.90,0.50,0.90,20,16
81,0.90,0.50,0.90,25,16
80,0.90,0.50,0.90,23,16
83,0.90,0.50,0.90,30,16
84,0.90,0.50,0.90,42254,16
85,0.90,0.50,0.90,29,16
86,0.90,0.50,0.90,20,16
88,0.90,0.50,0.90,26,16
87,0.90,0.50,0.90,15,16
89,0.90,0.50,0.90,26,16
90,0.90,0.50,0.90,5215,16
91,0.90,0.50,0.90,40,16
93,0.90,0.50,0.90,19,16
92,0.90,0.50,0.90,18,16
66,0.90,0.50,0.90,31,16
67,0.90,0.50,0.90,226,16
97,0.90,0.50,0.90,17,16
96,0.90,0.50,0.90,29,16
95,0.90,0.50,0.90,25,16
98,0.90,0.50,0.90,35,16
100,0.90,0.50,0.90,18,16
99,0.90,0.50,0.90,34,16
94,0.90,0.50,0.90,127964,16
74,0.90,0.50,0.90,735385,16
1,0.90,0.40,0.90,20,16
2,0.90,0.40,0.90,17,16
8,0.90,0.40,0.90,10,16
7,0.90,0.40,0.90,30,16
4,0.90,0.40,0.90,30,16
5,0.90,0.40,0.90,35,16
3,0.90,0.40,0.90,24445,16
9,0.90,0.40,0.90,29,16
13,0.90,0.40,0.90,31,16
12,0.90,0.40,0.90,30,16
11,0.90,0.40,0.90,27,16
15,0.90,0.40,0.90,32,16
14,0.90,0.40,0.90,23,16
16,0.90,0.40,0.90,54,16
10,0.90,0.40,0.90,212074,16
17,0.90,0.40,0.90,23,16
18,0.90,0.40,0.90,95,16
19,0.90,0.40,0.90,29,16
21,0.90,0.40,0.90,32,16
20,0.90,0.40,0.90,20,16
23,0.90,0.40,0.90,34,16
22,0.90,0.40,0.90,23,16
24,0.90,0.40,0.90,23,16
25,0.90,0.40,0.90,28,16
26,0.90,0.40,0.90,24,16
27,0.90,0.40,0.90,22,16
28,0.90,0.40,0.90,4641,16
30,0.90,0.40,0.90,35,16
31,0.90,0.40,0.90,25,16
29,0.90,0.40,0.90,4445,16
35,0.90,0.40,0.90,19,16
34,0.90,0.40,0.90,138,16
33,0.90,0.40,0.90,23,16
37,0.90,0.40,0.90,26,16
38,0.90,0.40,0.90,24,16
32,0.90,0.40,0.90,213545,16
41,0.90,0.40,0.90,33459,16
40,0.90,0.40,0.90,115,16
39,0.90,0.40,0.90,100,16
47,0.90,0.40,0.90,40,16
45,0.90,0.40,0.90,34,16
46,0.90,0.40,0.90,23,16
44,0.90,0.40,0.90,81,16
43,0.90,0.40,0.90,51857,16
49,0.90,0.40,0.90,22,16
52,0.90,0.40,0.90,28,16
48,0.90,0.40,0.90,10638,16
51,0.90,0.40,0.90,152577,16
53,0.90,0.40,0.90,24,16
55,0.90,0.40,0.90,13,16
57,0.90,0.40,0.90,2365,16
58,0.90,0.40,0.90,39,16
54,0.90,0.40,0.90,187973,16
60,0.90,0.40,0.90,35,16
59,0.90,0.40,0.90,35,16
61,0.90,0.40,0.90,11,16
62,0.90,0.40,0.90,26,16
63,0.90,0.40,0.90,35,16
66,0.90,0.40,0.90,6,16
65,0.90,0.40,0.90,1093,16
64,0.90,0.40,0.90,33,16
67,0.90,0.40,0.90,24,16
68,0.90,0.40,0.90,29,16
70,0.90,0.40,0.90,39,16
72,0.90,0.40,0.90,13,16
73,0.90,0.40,0.90,21,16
74,0.90,0.40,0.90,41,16
75,0.90,0.40,0.90,7076,16
76,0.90,0.40,0.90,24,16
77,0.90,0.40,0.90,31,16
78,0.90,0.40,0.90,31,16
79,0.90,0.40,0.90,36,16
80,0.90,0.40,0.90,36,16
81,0.90,0.40,0.90,30,16
69,0.90,0.40,0.90,465536,16
82,0.90,0.40,0.90,32,16
83,0.90,0.40,0.90,29,16
85,0.90,0.40,0.90,28,16
86,0.90,0.40,0.90,37,16
84,0.90,0.40,0.90,176081,16
87,0.90,0.40,0.90,28,16
88,0.90,0.40,0.90,32,16
89,0.90,0.40,0.90,26,16
91,0.90,0.40,0.90,107,16
92,0.90,0.40,0.90,30,16
90,0.90,0.40,0.90,219010,16
93,0.90,0.40,0.90,27976,16
94,0.90,0.40,0.90,23,16
95,0.90,0.40,0.90,27,16
96,0.90,0.40,0.90,32,16
97,0.90,0.40,0.90,34,16
98,0.90,0.40,0.90,9,16
99,0.90,0.40,0.90,28,16
100,0.90,0.40,0.90,32,16
6,0.90,0.40,0.90,25,18
50,0.90,0.40,0.90,38,18
42,0.90,0.40,0.90,16,18
56,0.90,0.40,0.90,29,18
36,0.90,0.40,0.90,29,18
71,0.90,0.40,0.90,20,18
1,0.90,0.30,0.90,39,16
3,0.90,0.30,0.90,54,16
5,0.90,0.30,0.90,42,16
4,0.90,0.30,0.90,22,16
2,0.90,0.30,0.90,32,16
8,0.90,0.30,0.90,63,16
7,0.90,0.30,0.90,33,16
6,0.90,0.30,0.90,38,16
12,0.90,0.30,0.90,41,16
9,0.90,0.30,0.90,33,16
15,0.90,0.30,0.90,30,16
11,0.90,0.30,0.90,32,16
10,0.90,0.30,0.90,29,16
16,0.90,0.30,0.90,161,16
20,0.90,0.30,0.90,30,16
18,0.90,0.30,0.90,36,16
17,0.90,0.30,0.90,30129,16
19,0.90,0.30,0.90,2001,16
23,0.90,0.30,0.90,28,16
26,0.90,0.30,0.90,32,16
24,0.90,0.30,0.90,35,16
28,0.90,0.30,0.90,44,16
29,0.90,0.30,0.90,31,16
25,0.90,0.30,0.90,28,16
32,0.90,0.30,0.90,44,16
30,0.90,0.30,0.90,9,16
31,0.90,0.30,0.90,43128,16
33,0.90,0.30,0.90,57,16
34,0.90,0.30,0.90,22,16
35,0.90,0.30,0.90,14,16
37,0.90,0.30,0.90,19,16
38,0.90,0.30,0.90,30,16
40,0.90,0.30,0.90,25,16
41,0.90,0.30,0.90,5927,16
42,0.90,0.30,0.90,39,16
43,0.90,0.30,0.90,90,16
44,0.90,0.30,0.90,22,16
45,0.90,0.30,0.90,27,16
22,0.90,0.30,0.90,19,17
47,0.90,0.30,0.90,41,16
48,0.90,0.30,0.90,138,16
13,0.90,0.30,0.90,43,18
49,0.90,0.30,0.90,44,16
14,0.90,0.30,0.90,30,18
21,0.90,0.30,0.90,63008,17
50,0.90,0.30,0.90,30,16
52,0.90,0.30,0.90,33,16
51,0.90,0.30,0.90,41,16
53,0.90,0.30,0.90,34824,16
54,0.90,0.30,0.90,30,16
56,0.90,0.30,0.90,23,16
55,0.90,0.30,0.90,4,16
57,0.90,0.30,0.90,24,16
58,0.90,0.30,0.90,140,16
61,0.90,0.30,0.90,9,16
59,0.90,0.30,0.90,38,16
60,0.90,0.30,0.90,18,16
62,0.90,0.30,0.90,33,16
39,0.90,0.30,0.90,56,18
27,0.90,0.30,0.90,30,18
63,0.90,0.30,0.90,22,16
64,0.90,0.30,0.90,39,16
66,0.90,0.30,0.90,27,16
68,0.90,0.30,0.90,30,16
67,0.90,0.30,0.90,31,16
65,0.90,0.30,0.90,39,16
71,0.90,0.30,0.90,38,16
70,0.90,0.30,0.90,2086,16
74,0.90,0.30,0.90,34,16
36,0.90,0.30,0.90,63944,17
75,0.90,0.30,0.90,36,16
73,0.90,0.30,0.90,21,16
78,0.90,0.30,0.90,39,16
77,0.90,0.30,0.90,10598,16
79,0.90,0.30,0.90,20,16
80,0.90,0.30,0.90,25,16
82,0.90,0.30,0.90,11,16
81,0.90,0.30,0.90,31,16
83,0.90,0.30,0.90,48,16
85,0.90,0.30,0.90,105,16
87,0.90,0.30,0.90,17,16
86,0.90,0.30,0.90,21,16
88,0.90,0.30,0.90,36,16
89,0.90,0.30,0.90,34,16
90,0.90,0.30,0.90,53,16
93,0.90,0.30,0.90,33,16
92,0.90,0.30,0.90,32,16
91,0.90,0.30,0.90,34,16
95,0.90,0.30,0.90,28,16
96,0.90,0.30,0.90,44,16
94,0.90,0.30,0.90,34,16
97,0.90,0.30,0.90,30,16
99,0.90,0.30,0.90,32,16
98,0.90,0.30,0.90,16,16
46,0.90,0.30,0.90,51,18
100,0.90,0.30,0.90,44,16
72,0.90,0.30,0.90,161145,17
69,0.90,0.30,0.90,18,18
76,0.90,0.30,0.90,45,18
84,0.90,0.30,0.90,41,18
1,0.90,0.20,0.90,58,16
5,0.90,0.20,0.90,24,16
7,0.90,0.20,0.90,36,16
3,0.90,0.20,0.90,49,16
4,0.90,0.20,0.90,7854,16
2,0.90,0.20,0.90,37,16
10,0.90,0.20,0.90,137,16
9,0.90,0.20,0.90,65,16
13,0.90,0.20,0.90,36,16
14,0.90,0.20,0.90,43,16
12,0.90,0.20,0.90,47,16
15,0.90,0.20,0.90,59,16
18,0.90,0.20,0.90,49,16
17,0.90,0.20,0.90,20,16
19,0.90,0.20,0.90,50,16
20,0.90,0.20,0.90,4552,16
22,0.90,0.20,0.90,62177,16
23,0.90,0.20,0.90,50,16
24,0.90,0.20,0.90,44,16
25,0.90,0.20,0.90,25,16
26,0.90,0.20,0.90,47,16
27,0.90,0.20,0.90,24,16
28,0.90,0.20,0.90,30,16
29,0.90,0.20,0.90,3967,16
30,0.90,0.20,0.90,54,16
31,0.90,0.20,0.90,47,16
32,0.90,0.20,0.90,3140,16
34,0.90,0.20,0.90,364,16
33,0.90,0.20,0.90,26,16
35,0.90,0.20,0.90,36,16
36,0.90,0.20,0.90,44,16
37,0.90,0.20,0.90,56,16
39,0.90,0.20,0.90,1996,16
40,0.90,0.20,0.90,46,16
42,0.90,0.20,0.90,40,16
41,0.90,0.20,0.90,49,16
43,0.90,0.20,0.90,49,16
11,0.90,0.20,0.90,431833,16
44,0.90,0.20,0.90,43,16
45,0.90,0.20,0.90,34,16
46,0.90,0.20,0.90,35,16
47,0.90,0.20,0.90,54,16
49,0.90,0.20,0.90,50,16
50,0.90,0.20,0.90,21,16
51,0.90,0.20,0.90,36,16
53,0.90,0.20,0.90,18,16
52,0.90,0.20,0.90,60,16
54,0.90,0.20,0.90,27,16
55,0.90,0.20,0.90,54,16
56,0.90,0.20,0.90,40,16
58,0.90,0.20,0.90,60,16
59,0.90,0.20,0.90,51,16
60,0.90,0.20,0.90,64,16
61,0.90,0.20,0.90,2298,16
8,0.90,0.20,0.90,62,18
6,0.90,0.20,0.90,59,18
16,0.90,0.20,0.90,116870,17
63,0.90,0.20,0.90,45,16
64,0.90,0.20,0.90,58,16
65,0.90,0.20,0.90,47,16
66,0.90,0.20,0.90,55,16
67,0.90,0.20,0.90,40,16
68,0.90,0.20,0.90,62,16
69,0.90,0.20,0.90,20,16
70,0.90,0.20,0.90,50,16
72,0.90,0.20,0.90,47,16
71,0.90,0.20,0.90,89803,16
73,0.90,0.20,0.90,13696,16
74,0.90,0.20,0.90,49,16
76,0.90,0.20,0.90,36,16
21,0.90,0.20,0.90,28,18
77,0.90,0.20,0.90,230,16
75,0.90,0.20,0.90,41227,16
78,0.90,0.20,0.90,56,16
79,0.90,0.20,0.90,24,16
38,0.90,0.20,0.90,32,18
80,0.90,0.20,0.90,58,16
82,0.90,0.20,0.90,58,16
83,0.90,0.20,0.90,62,16
84,0.90,0.20,0.90,53,16
86,0.90,0.20,0.90,42,16
85,0.90,0.20,0.90,46,16
89,0.90,0.20,0.90,42,16
88,0.90,0.20,0.90,44,16
91,0.90,0.20,0.90,34,16
92,0.90,0.20,0.90,57,16
93,0.90,0.20,0.90,41,16
94,0.90,0.20,0.90,29,16
96,0.90,0.20,0.90,35,16
95,0.90,0.20,0.90,15832,16
48,0.90,0.20,0.90,41,18
98,0.90,0.20,0.90,10446,16
97,0.90,0.20,0.90,58815,16
99,0.90,0.20,0.90,26,16
100,0.90,0.20,0.90,9880,16
62,0.90,0.20,0.90,53,18
57,0.90,0.20,0.90,29,18
87,0.90,0.20,0.90,23,18
81,0.90,0.20,0.90,49,18
90,0.90,0.20,0.90,39,18
6,0.90,0.10,0.90,29,16
4,0.90,0.10,0.90,112,16
7,0.90,0.10,0.90,68,16
1,0.90,0.10,0.90,94,16
3,0.90,0.10,0.90,74,16
5,0.90,0.10,0.90,2965,16
2,0.90,0.10,0.90,91,16
8,0.90,0.10,0.90,79,16
10,0.90,0.10,0.90,5571,16
14,0.90,0.10,0.90,60,16
12,0.90,0.10,0.90,86,16
16,0.90,0.10,0.90,71,16
15,0.90,0.10,0.90,47,16
17,0.90,0.10,0.90,86,16
19,0.90,0.10,0.90,70,16
13,0.90,0.10,0.90,78,16
18,0.90,0.10,0.90,81,16
20,0.90,0.10,0.90,85,16
22,0.90,0.10,0.90,147,16
24,0.90,0.10,0.90,48,16
25,0.90,0.10,0.90,71,16
26,0.90,0.10,0.90,77,16
27,0.90,0.10,0.90,75,16
29,0.90,0.10,0.90,80,16
28,0.90,0.10,0.90,107,16
30,0.90,0.10,0.90,157,16
11,0.90,0.10,0.90,299137,16
32,0.90,0.10,0.90,67,16
31,0.90,0.10,0.90,92,16
34,0.90,0.10,0.90,67,16
36,0.90,0.10,0.90,81,16
33,0.90,0.10,0.90,379304,16
39,0.90,0.10,0.90,7469,16
41,0.90,0.10,0.90,71,16
42,0.90,0.10,0.90,79,16
38,0.90,0.10,0.90,82,16
37,0.90,0.10,0.90,94,16
43,0.90,0.10,0.90,263,16
45,0.90,0.10,0.90,89,16
44,0.90,0.10,0.90,68,16
46,0.90,0.10,0.90,124,16
48,0.90,0.10,0.90,6302,16
47,0.90,0.10,0.90,90,16
49,0.90,0.10,0.90,78,16
51,0.90,0.10,0.90,86,16
52,0.90,0.10,0.90,76,16
53,0.90,0.10,0.90,68,16
55,0.90,0.10,0.90,68,16
56,0.90,0.10,0.90,71,16
57,0.90,0.10,0.90,119,16
58,0.90,0.10,0.90,73,16
59,0.90,0.10,0.90,69,16
60,0.90,0.10,0.90,61,16
21,0.90,0.10,0.90,88,18
9,0.90,0.10,0.90,75,18
61,0.90,0.10,0.90,86,16
62,0.90,0.10,0.90,108,16
63,0.90,0.10,0.90,95,16
64,0.90,0.10,0.90,105,16
65,0.90,0.10,0.90,68,16
23,0.90,0.10,0.90,77,18
66,0.90,0.10,0.90,70,16
67,0.90,0.10,0.90,106,16
35,0.90,0.10,0.90,88,18
68,0.90,0.10,0.90,68,16
69,0.90,0.10,0.90,73,16
70,0.90,0.10,0.90,71,16
71,0.90,0.10,0.90,81,16
73,0.90,0.10,0.90,70,16
72,0.90,0.10,0.90,85,16
75,0.90,0.10,0.90,74,16
74,0.90,0.10,0.90,13858,16
76,0.90,0.10,0.90,52,16
77,0.90,0.10,0.90,97,16
78,0.90,0.10,0.90,42,16
79,0.90,0.10,0.90,95,16
80,0.90,0.10,0.90,90,16
81,0.90,0.10,0.90,65,16
83,0.90,0.10,0.90,43,16
85,0.90,0.10,0.90,78,16
86,0.90,0.10,0.90,93,16
84,0.90,0.10,0.90,66,16
82,0.90,0.10,0.90,98,16
88,0.90,0.10,0.90,83,16
90,0.90,0.10,0.90,29,16
89,0.90,0.10,0.90,72,16
91,0.90,0.10,0.90,85,16
92,0.90,0.10,0.90,84,16
94,0.90,0.10,0.90,85,16
95,0.90,0.10,0.90,58,16
93,0.90,0.10,0.90,59921,16
97,0.90,0.10,0.90,104,16
96,0.90,0.10,0.90,90,16
98,0.90,0.10,0.90,82,16
99,0.90,0.10,0.90,83,16
100,0.90,0.10,0.90,113009,16
50,0.90,0.10,0.90,637010,16
40,0.90,0.10,0.90,58,18
54,0.90,0.10,0.90,49,17
87,0.90,0.10,0.90,36,18
3,0.90,0.90,0.80,13,16
5,0.90,0.90,0.80,33,16
4,0.90,0.90,0.80,21,16
8,0.90,0.90,0.80,207,16
7,0.90,0.90,0.80,20,16
2,0.90,0.90,0.80,17,16
9,0.90,0.90,0.80,286,16
6,0.90,0.90,0.80,119823,16
11,0.90,0.90,0.80,15,16
10,0.90,0.90,0.80,16,16
12,0.90,0.90,0.80,28,16
13,0.90,0.90,0.80,13,16
14,0.90,0.90,0.80,117,16
15,0.90,0.90,0.80,20,16
16,0.90,0.90,0.80,111,16
19,0.90,0.90,0.80,30,16
18,0.90,0.90,0.80,174,16
17,0.90,0.90,0.80,24216,16
20,0.90,0.90,0.80,30,16
21,0.90,0.90,0.80,32,16
22,0.90,0.90,0.80,25,16
23,0.90,0.90,0.80,10,16
25,0.90,0.90,0.80,27,16
26,0.90,0.90,0.80,26,16
27,0.90,0.90,0.80,19,16
24,0.90,0.90,0.80,11,16
28,0.90,0.90,0.80,19,16
32,0.90,0.90,0.80,26,16
29,0.90,0.90,0.80,23,16
30,0.90,0.90,0.80,578,16
35,0.90,0.90,0.80,23,16
33,0.90,0.90,0.80,26,16
34,0.90,0.90,0.80,26,16
31,0.90,0.90,0.80,11,16
41,0.90,0.90,0.80,27,16
38,0.90,0.90,0.80,28,16
40,0.90,0.90,0.80,73,16
37,0.90,0.90,0.80,13,16
42,0.90,0.90,0.80,160,16
39,0.90,0.90,0.80,15,16
36,0.90,0.90,0.80,34516,16
45,0.90,0.90,0.80,26,16
49,0.90,0.90,0.80,21,16
43,0.90,0.90,0.80,25,16
47,0.90,0.90,0.80,29,16
48,0.90,0.90,0.80,13,16
46,0.90,0.90,0.80,12,16
44,0.90,0.90,0.80,22,16
50,0.90,0.90,0.80,27,16
54,0.90,0.90,0.80,88,16
52,0.90,0.90,0.80,32,16
51,0.90,0.90,0.80,19,16
53,0.90,0.90,0.80,26,16
55,0.90,0.90,0.80,132,16
61,0.90,0.90,0.80,19,16
58,0.90,0.90,0.80,20,16
60,0.90,0.90,0.80,20,16
56,0.90,0.90,0.80,18,16
59,0.90,0.90,0.80,23,16
62,0.90,0.90,0.80,16,16
63,0.90,0.90,0.80,13,16
65,0.90,0.90,0.80,19,16
64,0.90,0.90,0.80,108,16
67,0.90,0.90,0.80,263,16
66,0.90,0.90,0.80,25,16
68,0.90,0.90,0.80,25,16
73,0.90,0.90,0.80,16,16
71,0.90,0.90,0.80,9,16
72,0.90,0.90,0.80,873,16
69,0.90,0.90,0.80,20,16
70,0.90,0.90,0.80,22,16
74,0.90,0.90,0.80,26,16
77,0.90,0.90,0.80,28,16
75,0.90,0.90,0.80,16957,16
76,0.90,0.90,0.80,21,16
79,0.90,0.90,0.80,19,16
78,0.90,0.90,0.80,23,16
85,0.90,0.90,0.80,26,16
83,0.90,0.90,0.80,27,16
82,0.90,0.90,0.80,17,16
80,0.90,0.90,0.80,4786,16
84,0.90,0.90,0.80,23,16
81,0.90,0.90,0.80,19,16
89,0.90,0.90,0.80,16,16
90,0.90,0.90,0.80,26,16
88,0.90,0.90,0.80,24,16
87,0.90,0.90,0.80,15,16
91,0.90,0.90,0.80,27,16
86,0.90,0.90,0.80,23,16
92,0.90,0.90,0.80,18,16
93,0.90,0.90,0.80,18,16
96,0.90,0.90,0.80,157,16
94,0.90,0.90,0.80,26,16
97,0.90,0.90,0.80,21,16
98,0.90,0.90,0.80,24,16
99,0.90,0.90,0.80,18,16
100,0.90,0.90,0.80,14,16
95,0.90,0.90,0.80,92404,16
1,0.90,0.90,0.80,15,18
57,0.90,0.90,0.80,567872,17
4,0.90,0.90,0.70,15,16
8,0.90,0.90,0.70,19,16
2,0.90,0.90,0.70,108,16
5,0.90,0.90,0.70,19,16
1,0.90,0.90,0.70,26,16
6,0.90,0.90,0.70,18,16
7,0.90,0.90,0.70,28,16
3,0.90,0.90,0.70,26,16
9,0.90,0.90,0.70,26,16
10,0.90,0.90,0.70,23,16
11,0.90,0.90,0.70,32,16
12,0.90,0.90,0.70,30,16
13,0.90,0.90,0.70,23,16
14,0.90,0.90,0.70,28,16
16,0.90,0.90,0.70,5514,16
17,0.90,0.90,0.70,30,16
15,0.90,0.90,0.70,28,16
18,0.90,0.90,0.70,17,16
21,0.90,0.90,0.70,67,16
22,0.90,0.90,0.70,15,16
20,0.90,0.90,0.70,19,16
19,0.90,0.90,0.70,23,16
23,0.90,0.90,0.70,23,16
26,0.90,0.90,0.70,34,16
24,0.90,0.90,0.70,32,16
25,0.90,0.90,0.70,24,16
28,0.90,0.90,0.70,11,16
32,0.90,0.90,0.70,23,16
29,0.90,0.90,0.70,23,16
27,0.90,0.90,0.70,21,16
31,0.90,0.90,0.70,48,16
30,0.90,0.90,0.70,30,16
34,0.90,0.90,0.70,28,16
33,0.90,0.90,0.70,57,16
38,0.90,0.90,0.70,15,16
37,0.90,0.90,0.70,20,16
36,0.90,0.90,0.70,29,16
39,0.90,0.90,0.70,24,16
35,0.90,0.90,0.70,7,16
40,0.90,0.90,0.70,22,16
41,0.90,0.90,0.70,17,16
44,0.90,0.90,0.70,30,16
42,0.90,0.90,0.70,26,16
46,0.90,0.90,0.70,15,16
47,0.90,0.90,0.70,26,16
45,0.90,0.90,0.70,22,16
43,0.90,0.90,0.70,27,16
49,0.90,0.90,0.70,21,16
51,0.90,0.90,0.70,29,16
54,0.90,0.90,0.70,140,16
50,0.90,0.90,0.70,70,16
53,0.90,0.90,0.70,16,16
52,0.90,0.90,0.70,17,16
48,0.90,0.90,0.70,82462,16
56,0.90,0.90,0.70,21,16
58,0.90,0.90,0.70,26,16
55,0.90,0.90,0.70,18,16
57,0.90,0.90,0.70,21,16
59,0.90,0.90,0.70,41,16
60,0.90,0.90,0.70,11,16
62,0.90,0.90,0.70,22,16
63,0.90,0.90,0.70,30,16
67,0.90,0.90,0.70,26,16
65,0.90,0.90,0.70,27,16
61,0.90,0.90,0.70,124164,16
66,0.90,0.90,0.70,22,16
64,0.90,0.90,0.70,28,16
68,0.90,0.90,0.70,22,16
69,0.90,0.90,0.70,31,16
72,0.90,0.90,0.70,20,16
73,0.90,0.90,0.70,50,16
70,0.90,0.90,0.70,24,16
74,0.90,0.90,0.70,30,16
75,0.90,0.90,0.70,24,16
71,0.90,0.90,0.70,26,16
76,0.90,0.90,0.70,19,16
77,0.90,0.90,0.70,18,16
81,0.90,0.90,0.70,31,16
78,0.90,0.90,0.70,38,16
79,0.90,0.90,0.70,341,16
80,0.90,0.90,0.70,18,16
82,0.90,0.90,0.70,24,16
83,0.90,0.90,0.70,16,16
84,0.90,0.90,0.70,28,16
85,0.90,0.90,0.70,28,16
90,0.90,0.90,0.70,8,16
86,0.90,0.90,0.70,27,16
91,0.90,0.90,0.70,1462,16
88,0.90,0.90,0.70,26,16
89,0.90,0.90,0.70,20,16
87,0.90,0.90,0.70,28,16
93,0.90,0.90,0.70,18,16
98,0.90,0.90,0.70,21,16
94,0.90,0.90,0.70,26,16
96,0.90,0.90,0.70,27,16
92,0.90,0.90,0.70,18,16
97,0.90,0.90,0.70,24,16
99,0.90,0.90,0.70,26,16
95,0.90,0.90,0.70,32,16
100,0.90,0.90,0.70,19,16
2,0.90,0.90,0.60,23,16
7,0.90,0.90,0.60,20,16
3,0.90,0.90,0.60,25,16
6,0.90,0.90,0.60,23,16
4,0.90,0.90,0.60,18,16
5,0.90,0.90,0.60,17,16
1,0.90,0.90,0.60,23,16
9,0.90,0.90,0.60,31,16
8,0.90,0.90,0.60,23,16
10,0.90,0.90,0.60,64,16
11,0.90,0.90,0.60,25,16
12,0.90,0.90,0.60,15,16
14,0.90,0.90,0.60,28,16
13,0.90,0.90,0.60,22,16
16,0.90,0.90,0.60,15,16
15,0.90,0.90,0.60,25,16
18,0.90,0.90,0.60,31,16
19,0.90,0.90,0.60,26,16
17,0.90,0.90,0.60,25,16
20,0.90,0.90,0.60,18,16
21,0.90,0.90,0.60,29,16
23,0.90,0.90,0.60,30,16
22,0.90,0.90,0.60,21,16
25,0.90,0.90,0.60,25,16
24,0.90,0.90,0.60,29,16
28,0.90,0.90,0.60,18,16
27,0.90,0.90,0.60,21,16
26,0.90,0.90,0.60,26,16
30,0.90,0.90,0.60,29,16
29,0.90,0.90,0.60,34,16
31,0.90,0.90,0.60,27,16
32,0.90,0.90,0.60,27,16
36,0.90,0.90,0.60,27,16
34,0.90,0.90,0.60,23,16
33,0.90,0.90,0.60,557,16
35,0.90,0.90,0.60,25,16
38,0.90,0.90,0.60,15,16
39,0.90,0.90,0.60,23,16
37,0.90,0.90,0.60,26,16
44,0.90,0.90,0.60,23,16
43,0.90,0.90,0.60,22,16
40,0.90,0.90,0.60,19,16
41,0.90,0.90,0.60,19,16
42,0.90,0.90,0.60,23,16
45,0.90,0.90,0.60,30,16
49,0.90,0.90,0.60,26,16
50,0.90,0.90,0.60,3173,16
48,0.90,0.90,0.60,24,16
46,0.90,0.90,0.60,14,16
52,0.90,0.90,0.60,20,16
51,0.90,0.90,0.60,20,16
47,0.90,0.90,0.60,24,16
53,0.90,0.90,0.60,22,16
54,0.90,0.90,0.60,23,16
55,0.90,0.90,0.60,18,16
60,0.90,0.90,0.60,22,16
58,0.90,0.90,0.60,27,16
56,0.90,0.90,0.60,25,16
57,0.90,0.90,0.60,21,16
59,0.90,0.90,0.60,29,16
63,0.90,0.90,0.60,27,16
64,0.90,0.90,0.60,17,16
62,0.90,0.90,0.60,22,16
61,0.90,0.90,0.60,21,16
65,0.90,0.90,0.60,25,16
66,0.90,0.90,0.60,18,16
69,0.90,0.90,0.60,22,16
71,0.90,0.90,0.60,26,16
68,0.90,0.90,0.60,15,16
70,0.90,0.90,0.60,25,16
73,0.90,0.90,0.60,17,16
67,0.90,0.90,0.60,26,16
72,0.90,0.90,0.60,24,16
74,0.90,0.90,0.60,37,16
75,0.90,0.90,0.60,22,16
76,0.90,0.90,0.60,25,16
77,0.90,0.90,0.60,19,16
78,0.90,0.90,0.60,25,16
81,0.90,0.90,0.60,12,16
79,0.90,0.90,0.60,17,16
82,0.90,0.90,0.60,26,16
80,0.90,0.90,0.60,21,16
83,0.90,0.90,0.60,28,16
84,0.90,0.90,0.60,23,16
88,0.90,0.90,0.60,23,16
87,0.90,0.90,0.60,10,16
86,0.90,0.90,0.60,24,16
85,0.90,0.90,0.60,16,16
89,0.90,0.90,0.60,31,16
91,0.90,0.90,0.60,21,16
92,0.90,0.90,0.60,263,16
93,0.90,0.90,0.60,25,16
90,0.90,0.90,0.60,26,16
94,0.90,0.90,0.60,94,16
96,0.90,0.90,0.60,24,16
95,0.90,0.90,0.60,22,16
97,0.90,0.90,0.60,19,16
98,0.90,0.90,0.60,35,16
100,0.90,0.90,0.60,24,16
99,0.90,0.90,0.60,23,16
7,0.90,0.90,0.60,79,16
4,0.90,0.90,0.60,39,16
6,0.90,0.90,0.60,19,16
2,0.90,0.90,0.60,22,16
8,0.90,0.90,0.60,29,16
1,0.90,0.90,0.60,31,16
3,0.90,0.90,0.60,26,16
5,0.90,0.90,0.60,28,16
11,0.90,0.90,0.60,31,16
9,0.90,0.90,0.60,17,16
10,0.90,0.90,0.60,25,16
12,0.90,0.90,0.60,10,16
14,0.90,0.90,0.60,16,16
13,0.90,0.90,0.60,28,16
17,0.90,0.90,0.60,30,16
20,0.90,0.90,0.60,16,16
18,0.90,0.90,0.60,23,16
16,0.90,0.90,0.60,19,16
15,0.90,0.90,0.60,15,16
19,0.90,0.90,0.60,24,16
21,0.90,0.90,0.60,24,16
22,0.90,0.90,0.60,19,16
24,0.90,0.90,0.60,34,16
28,0.90,0.90,0.60,24,16
27,0.90,0.90,0.60,25,16
25,0.90,0.90,0.60,17,16
23,0.90,0.90,0.60,32,16
26,0.90,0.90,0.60,25,16
30,0.90,0.90,0.60,35,16
29,0.90,0.90,0.60,23,16
31,0.90,0.90,0.60,29,16
32,0.90,0.90,0.60,38,16
34,0.90,0.90,0.60,13,16
35,0.90,0.90,0.60,14,16
36,0.90,0.90,0.60,24,16
33,0.90,0.90,0.60,24,16
38,0.90,0.90,0.60,28,16
37,0.90,0.90,0.60,15,16
39,0.90,0.90,0.60,22,16
40,0.90,0.90,0.60,20,16
41,0.90,0.90,0.60,25,16
46,0.90,0.90,0.60,24,16
42,0.90,0.90,0.60,27,16
43,0.90,0.90,0.60,18,16
47,0.90,0.90,0.60,21,16
44,0.90,0.90,0.60,22,16
45,0.90,0.90,0.60,22,16
48,0.90,0.90,0.60,26,16
50,0.90,0.90,0.60,20,16
52,0.90,0.90,0.60,18,16
49,0.90,0.90,0.60,31,16
51,0.90,0.90,0.60,24,16
53,0.90,0.90,0.60,20,16
55,0.90,0.90,0.60,23,16
54,0.90,0.90,0.60,25,16
56,0.90,0.90,0.60,18,16
61,0.90,0.90,0.60,25,16
60,0.90,0.90,0.60,25,16
59,0.90,0.90,0.60,15,16
57,0.90,0.90,0.60,33,16
58,0.90,0.90,0.60,15,16
62,0.90,0.90,0.60,27,16
63,0.90,0.90,0.60,14,16
65,0.90,0.90,0.60,20,16
64,0.90,0.90,0.60,38,16
66,0.90,0.90,0.60,26,16
68,0.90,0.90,0.60,27,16
69,0.90,0.90,0.60,23,16
67,0.90,0.90,0.60,27,16
71,0.90,0.90,0.60,22,16
72,0.90,0.90,0.60,36,16
70,0.90,0.90,0.60,21,16
77,0.90,0.90,0.60,24,16
76,0.90,0.90,0.60,21,16
75,0.90,0.90,0.60,18,16
73,0.90,0.90,0.60,128,16
74,0.90,0.90,0.60,27,16
83,0.90,0.90,0.60,31,16
81,0.90,0.90,0.60,25,16
80,0.90,0.90,0.60,35,16
82,0.90,0.90,0.60,185,16
79,0.90,0.90,0.60,15,16
84,0.90,0.90,0.60,29,16
78,0.90,0.90,0.60,14,16
85,0.90,0.90,0.60,18,16
88,0.90,0.90,0.60,24,16
93,0.90,0.90,0.60,58,16
92,0.90,0.90,0.60,19,16
90,0.90,0.90,0.60,26,16
91,0.90,0.90,0.60,30,16
86,0.90,0.90,0.60,18,16
87,0.90,0.90,0.60,25,16
89,0.90,0.90,0.60,28,16
98,0.90,0.90,0.60,26,16
95,0.90,0.90,0.60,16,16
96,0.90,0.90,0.60,19,16
94,0.90,0.90,0.60,25,16
97,0.90,0.90,0.60,25,16
100,0.90,0.90,0.60,22,16
99,0.90,0.90,0.60,30,16
4,0.90,0.90,0.50,28,16
7,0.90,0.90,0.50,26,16
1,0.90,0.90,0.50,20,16
8,0.90,0.90,0.50,10,16
5,0.90,0.90,0.50,16,16
3,0.90,0.90,0.50,18,16
9,0.90,0.90,0.50,27,16
2,0.90,0.90,0.50,24,16
6,0.90,0.90,0.50,20,16
12,0.90,0.90,0.50,22,16
10,0.90,0.90,0.50,22,16
11,0.90,0.90,0.50,33,16
13,0.90,0.90,0.50,17,16
15,0.90,0.90,0.50,29,16
18,0.90,0.90,0.50,28,16
14,0.90,0.90,0.50,22,16
19,0.90,0.90,0.50,24,16
21,0.90,0.90,0.50,197,16
16,0.90,0.90,0.50,23,16
17,0.90,0.90,0.50,25,16
20,0.90,0.90,0.50,24,16
25,0.90,0.90,0.50,25,16
22,0.90,0.90,0.50,32,16
24,0.90,0.90,0.50,27,16
23,0.90,0.90,0.50,24,16
27,0.90,0.90,0.50,30,16
28,0.90,0.90,0.50,42,16
26,0.90,0.90,0.50,24,16
29,0.90,0.90,0.50,25,16
30,0.90,0.90,0.50,26,16
31,0.90,0.90,0.50,22,16
33,0.90,0.90,0.50,21,16
37,0.90,0.90,0.50,27,16
32,0.90,0.90,0.50,24,16
36,0.90,0.90,0.50,24,16
34,0.90,0.90,0.50,26,16
35,0.90,0.90,0.50,18,16
38,0.90,0.90,0.50,28,16
39,0.90,0.90,0.50,22,16
40,0.90,0.90,0.50,25,16
44,0.90,0.90,0.50,29,16
46,0.90,0.90,0.50,21,16
45,0.90,0.90,0.50,30,16
43,0.90,0.90,0.50,24,16
41,0.90,0.90,0.50,34,16
42,0.90,0.90,0.50,29,16
50,0.90,0.90,0.50,24,16
49,0.90,0.90,0.50,24,16
52,0.90,0.90,0.50,11,16
47,0.90,0.90,0.50,24,16
48,0.90,0.90,0.50,25,16
51,0.90,0.90,0.50,20,16
53,0.90,0.90,0.50,25,16
54,0.90,0.90,0.50,22,16
55,0.90,0.90,0.50,76,16
56,0.90,0.90,0.50,32,16
59,0.90,0.90,0.50,471,16
58,0.90,0.90,0.50,225,16
57,0.90,0.90,0.50,28,16
60,0.90,0.90,0.50,21,16
61,0.90,0.90,0.50,38,16
63,0.90,0.90,0.50,35,16
62,0.90,0.90,0.50,26,16
64,0.90,0.90,0.50,2574,16
66,0.90,0.90,0.50,30,16
67,0.90,0.90,0.50,28,16
65,0.90,0.90,0.50,33,16
68,0.90,0.90,0.50,29,16
69,0.90,0.90,0.50,16,16
70,0.90,0.90,0.50,20,16
75,0.90,0.90,0.50,24,16
71,0.90,0.90,0.50,31,16
73,0.90,0.90,0.50,19,16
74,0.90,0.90,0.50,21,16
72,0.90,0.90,0.50,23,16
76,0.90,0.90,0.50,18,16
78,0.90,0.90,0.50,28,16
77,0.90,0.90,0.50,29,16
79,0.90,0.90,0.50,26,16
81,0.90,0.90,0.50,28,16
83,0.90,0.90,0.50,28,16
82,0.90,0.90,0.50,21,16
80,0.90,0.90,0.50,126,16
85,0.90,0.90,0.50,28,16
84,0.90,0.90,0.50,15,16
86,0.90,0.90,0.50,17,16
87,0.90,0.90,0.50,22,16
88,0.90,0.90,0.50,27,16
89,0.90,0.90,0.50,24,16
91,0.90,0.90,0.50,26,16
90,0.90,0.90,0.50,23,16
92,0.90,0.90,0.50,30,16
93,0.90,0.90,0.50,22,16
95,0.90,0.90,0.50,27,16
96,0.90,0.90,0.50,13,16
99,0.90,0.90,0.50,31,16
98,0.90,0.90,0.50,29,16
94,0.90,0.90,0.50,25,16
97,0.90,0.90,0.50,187,16
100,0.90,0.90,0.50,26,16
3,0.90,0.90,0.40,23,16
5,0.90,0.90,0.40,30,16
1,0.90,0.90,0.40,28,16
8,0.90,0.90,0.40,23,16
7,0.90,0.90,0.40,20,16
4,0.90,0.90,0.40,26,16
2,0.90,0.90,0.40,27,16
6,0.90,0.90,0.40,28,16
9,0.90,0.90,0.40,20,16
10,0.90,0.90,0.40,30,16
12,0.90,0.90,0.40,22,16
13,0.90,0.90,0.40,21,16
15,0.90,0.90,0.40,34,16
16,0.90,0.90,0.40,26,16
11,0.90,0.90,0.40,38,16
14,0.90,0.90,0.40,31,16
17,0.90,0.90,0.40,179,16
19,0.90,0.90,0.40,29,16
18,0.90,0.90,0.40,31,16
25,0.90,0.90,0.40,25,16
21,0.90,0.90,0.40,22,16
23,0.90,0.90,0.40,27,16
22,0.90,0.90,0.40,29,16
24,0.90,0.90,0.40,29,16
20,0.90,0.90,0.40,32,16
26,0.90,0.90,0.40,18,16
30,0.90,0.90,0.40,23,16
31,0.90,0.90,0.40,30,16
29,0.90,0.90,0.40,27,16
32,0.90,0.90,0.40,18,16
27,0.90,0.90,0.40,24,16
28,0.90,0.90,0.40,32,16
35,0.90,0.90,0.40,23,16
34,0.90,0.90,0.40,26,16
38,0.90,0.90,0.40,31,16
40,0.90,0.90,0.40,27,16
36,0.90,0.90,0.40,17,16
39,0.90,0.90,0.40,38,16
33,0.90,0.90,0.40,24,16
37,0.90,0.90,0.40,22,16
44,0.90,0.90,0.40,17,16
41,0.90,0.90,0.40,30,16
46,0.90,0.90,0.40,26,16
45,0.90,0.90,0.40,21,16
42,0.90,0.90,0.40,29,16
43,0.90,0.90,0.40,19,16
47,0.90,0.90,0.40,31,16
48,0.90,0.90,0.40,24,16
51,0.90,0.90,0.40,30,16
49,0.90,0.90,0.40,20,16
50,0.90,0.90,0.40,24,16
52,0.90,0.90,0.40,26,16
55,0.90,0.90,0.40,29,16
54,0.90,0.90,0.40,23,16
56,0.90,0.90,0.40,28,16
58,0.90,0.90,0.40,18,16
53,0.90,0.90,0.40,28,16
57,0.90,0.90,0.40,23,16
59,0.90,0.90,0.40,30,16
63,0.90,0.90,0.40,26,16
61,0.90,0.90,0.40,21,16
62,0.90,0.90,0.40,22,16
60,0.90,0.90,0.40,20,16
65,0.90,0.90,0.40,20,16
64,0.90,0.90,0.40,33,16
66,0.90,0.90,0.40,14,16
70,0.90,0.90,0.40,23,16
69,0.90,0.90,0.40,25,16
68,0.90,0.90,0.40,21,16
71,0.90,0.90,0.40,29,16
72,0.90,0.90,0.40,31,16
74,0.90,0.90,0.40,23,16
73,0.90,0.90,0.40,17,16
67,0.90,0.90,0.40,15,16
78,0.90,0.90,0.40,21,16
77,0.90,0.90,0.40,28,16
76,0.90,0.90,0.40,100,16
80,0.90,0.90,0.40,19,16
81,0.90,0.90,0.40,31,16
75,0.90,0.90,0.40,23,16
82,0.90,0.90,0.40,32,16
79,0.90,0.90,0.40,26,16
83,0.90,0.90,0.40,34,16
91,0.90,0.90,0.40,28,16
85,0.90,0.90,0.40,36,16
84,0.90,0.90,0.40,20,16
90,0.90,0.90,0.40,19,16
87,0.90,0.90,0.40,38,16
86,0.90,0.90,0.40,31,16
88,0.90,0.90,0.40,29,16
89,0.90,0.90,0.40,34,16
93,0.90,0.90,0.40,32,16
92,0.90,0.90,0.40,27,16
97,0.90,0.90,0.40,15,16
95,0.90,0.90,0.40,18,16
96,0.90,0.90,0.40,11,16
94,0.90,0.90,0.40,26,16
99,0.90,0.90,0.40,17,16
98,0.90,0.90,0.40,25,16
100,0.90,0.90,0.40,38,16
7,0.90,0.90,0.30,18,16
1,0.90,0.90,0.30,25,16
5,0.90,0.90,0.30,27,16
4,0.90,0.90,0.30,26,16
2,0.90,0.90,0.30,36,16
6,0.90,0.90,0.30,23,16
8,0.90,0.90,0.30,28,16
3,0.90,0.90,0.30,33,16
10,0.90,0.90,0.30,23,16
13,0.90,0.90,0.30,20,16
11,0.90,0.90,0.30,24,16
12,0.90,0.90,0.30,17,16
9,0.90,0.90,0.30,20,16
14,0.90,0.90,0.30,25,16
15,0.90,0.90,0.30,30,16
16,0.90,0.90,0.30,29,16
18,0.90,0.90,0.30,26,16
19,0.90,0.90,0.30,24,16
21,0.90,0.90,0.30,25,16
20,0.90,0.90,0.30,15,16
22,0.90,0.90,0.30,25,16
17,0.90,0.90,0.30,26,16
23,0.90,0.90,0.30,18,16
24,0.90,0.90,0.30,29,16
27,0.90,0.90,0.30,31,16
28,0.90,0.90,0.30,17,16
26,0.90,0.90,0.30,26,16
31,0.90,0.90,0.30,27,16
29,0.90,0.90,0.30,28,16
33,0.90,0.90,0.30,25,16
30,0.90,0.90,0.30,24,16
25,0.90,0.90,0.30,29,16
32,0.90,0.90,0.30,35,16
36,0.90,0.90,0.30,27,16
35,0.90,0.90,0.30,24,16
39,0.90,0.90,0.30,20,16
37,0.90,0.90,0.30,9,16
34,0.90,0.90,0.30,26,16
38,0.90,0.90,0.30,25,16
41,0.90,0.90,0.30,36,16
43,0.90,0.90,0.30,27,16
44,0.90,0.90,0.30,22,16
42,0.90,0.90,0.30,28,16
46,0.90,0.90,0.30,32,16
40,0.90,0.90,0.30,24,16
45,0.90,0.90,0.30,26,16
47,0.90,0.90,0.30,31,16
49,0.90,0.90,0.30,14,16
50,0.90,0.90,0.30,29,16
52,0.90,0.90,0.30,26,16
53,0.90,0.90,0.30,29,16
51,0.90,0.90,0.30,18,16
48,0.90,0.90,0.30,25,16
54,0.90,0.90,0.30,24,16
55,0.90,0.90,0.30,19,16
56,0.90,0.90,0.30,23,16
57,0.90,0.90,0.30,32,16
60,0.90,0.90,0.30,23,16
58,0.90,0.90,0.30,26,16
62,0.90,0.90,0.30,29,16
59,0.90,0.90,0.30,23,16
64,0.90,0.90,0.30,33,16
61,0.90,0.90,0.30,27,16
63,0.90,0.90,0.30,28,16
67,0.90,0.90,0.30,19,16
65,0.90,0.90,0.30,25,16
69,0.90,0.90,0.30,35,16
68,0.90,0.90,0.30,21,16
66,0.90,0.90,0.30,20,16
71,0.90,0.90,0.30,24,16
70,0.90,0.90,0.30,24,16
72,0.90,0.90,0.30,26,16
74,0.90,0.90,0.30,24,16
73,0.90,0.90,0.30,34,16
75,0.90,0.90,0.30,27,16
79,0.90,0.90,0.30,24,16
76,0.90,0.90,0.30,20,16
80,0.90,0.90,0.30,38,16
78,0.90,0.90,0.30,34,16
77,0.90,0.90,0.30,23,16
81,0.90,0.90,0.30,29,16
82,0.90,0.90,0.30,26,16
86,0.90,0.90,0.30,16,16
87,0.90,0.90,0.30,27,16
84,0.90,0.90,0.30,32,16
83,0.90,0.90,0.30,24,16
85,0.90,0.90,0.30,31,16
88,0.90,0.90,0.30,22,16
89,0.90,0.90,0.30,30,16
90,0.90,0.90,0.30,17,16
91,0.90,0.90,0.30,24,16
93,0.90,0.90,0.30,26,16
94,0.90,0.90,0.30,29,16
92,0.90,0.90,0.30,26,16
95,0.90,0.90,0.30,24,16
98,0.90,0.90,0.30,32,16
96,0.90,0.90,0.30,23,16
97,0.90,0.90,0.30,28,16
99,0.90,0.90,0.30,28,16
100,0.90,0.90,0.30,32,16
8,0.90,0.90,0.20,29,16
7,0.90,0.90,0.20,28,16
4,0.90,0.90,0.20,27,16
3,0.90,0.90,0.20,25,16
2,0.90,0.90,0.20,32,16
5,0.90,0.90,0.20,25,16
9,0.90,0.90,0.20,35,16
6,0.90,0.90,0.20,27,16
1,0.90,0.90,0.20,22,16
10,0.90,0.90,0.20,21,16
11,0.90,0.90,0.20,28,16
13,0.90,0.90,0.20,31,16
12,0.90,0.90,0.20,22,16
14,0.90,0.90,0.20,46,16
17,0.90,0.90,0.20,28,16
15,0.90,0.90,0.20,29,16
16,0.90,0.90,0.20,16,16
19,0.90,0.90,0.20,28,16
24,0.90,0.90,0.20,20,16
18,0.90,0.90,0.20,26,16
22,0.90,0.90,0.20,29,16
21,0.90,0.90,0.20,32,16
20,0.90,0.90,0.20,27,16
23,0.90,0.90,0.20,36,16
25,0.90,0.90,0.20,29,16
27,0.90,0.90,0.20,29,16
26,0.90,0.90,0.20,29,16
29,0.90,0.90,0.20,22,16
33,0.90,0.90,0.20,29,16
30,0.90,0.90,0.20,26,16
31,0.90,0.90,0.20,20,16
32,0.90,0.90,0.20,24,16
28,0.90,0.90,0.20,23,16
34,0.90,0.90,0.20,27,16
35,0.90,0.90,0.20,40,16
36,0.90,0.90,0.20,33,16
38,0.90,0.90,0.20,27,16
40,0.90,0.90,0.20,25,16
39,0.90,0.90,0.20,17,16
41,0.90,0.90,0.20,26,16
37,0.90,0.90,0.20,35,16
42,0.90,0.90,0.20,27,16
43,0.90,0.90,0.20,26,16
45,0.90,0.90,0.20,35,16
44,0.90,0.90,0.20,31,16
47,0.90,0.90,0.20,27,16
46,0.90,0.90,0.20,24,16
48,0.90,0.90,0.20,28,16
49,0.90,0.90,0.20,30,16
52,0.90,0.90,0.20,22,16
51,0.90,0.90,0.20,31,16
50,0.90,0.90,0.20,36,16
53,0.90,0.90,0.20,30,16
55,0.90,0.90,0.20,22,16
54,0.90,0.90,0.20,31,16
58,0.90,0.90,0.20,25,16
57,0.90,0.90,0.20,27,16
59,0.90,0.90,0.20,33,16
56,0.90,0.90,0.20,23,16
60,0.90,0.90,0.20,28,16
61,0.90,0.90,0.20,18,16
62,0.90,0.90,0.20,19,16
63,0.90,0.90,0.20,33,16
68,0.90,0.90,0.20,17,16
65,0.90,0.90,0.20,37,16
67,0.90,0.90,0.20,22,16
66,0.90,0.90,0.20,24,16
64,0.90,0.90,0.20,33,16
73,0.90,0.90,0.20,23,16
74,0.90,0.90,0.20,29,16
69,0.90,0.90,0.20,29,16
72,0.90,0.90,0.20,21,16
75,0.90,0.90,0.20,34,16
71,0.90,0.90,0.20,39,16
70,0.90,0.90,0.20,20,16
76,0.90,0.90,0.20,27,16
81,0.90,0.90,0.20,33,16
80,0.90,0.90,0.20,26,16
78,0.90,0.90,0.20,17,16
79,0.90,0.90,0.20,26,16
77,0.90,0.90,0.20,23,16
82,0.90,0.90,0.20,28,16
83,0.90,0.90,0.20,32,16
84,0.90,0.90,0.20,24,16
85,0.90,0.90,0.20,21,16
89,0.90,0.90,0.20,25,16
86,0.90,0.90,0.20,17,16
87,0.90,0.90,0.20,36,16
90,0.90,0.90,0.20,22,16
88,0.90,0.90,0.20,29,16
92,0.90,0.90,0.20,23,16
93,0.90,0.90,0.20,26,16
94,0.90,0.90,0.20,28,16
95,0.90,0.90,0.20,25,16
91,0.90,0.90,0.20,30,16
96,0.90,0.90,0.20,38,16
97,0.90,0.90,0.20,25,16
99,0.90,0.90,0.20,26,16
98,0.90,0.90,0.20,23,16
100,0.90,0.90,0.20,25,16
6,0.90,0.90,0.10,30,16
4,0.90,0.90,0.10,22,16
1,0.90,0.90,0.10,24,16
7,0.90,0.90,0.10,33,16
8,0.90,0.90,0.10,24,16
5,0.90,0.90,0.10,27,16
3,0.90,0.90,0.10,27,16
2,0.90,0.90,0.10,24,16
9,0.90,0.90,0.10,26,16
11,0.90,0.90,0.10,35,16
10,0.90,0.90,0.10,29,16
12,0.90,0.90,0.10,28,16
13,0.90,0.90,0.10,31,16
14,0.90,0.90,0.10,22,16
15,0.90,0.90,0.10,33,16
16,0.90,0.90,0.10,27,16
17,0.90,0.90,0.10,37,16
20,0.90,0.90,0.10,34,16
18,0.90,0.90,0.10,48,16
19,0.90,0.90,0.10,33,16
22,0.90,0.90,0.10,32,16
23,0.90,0.90,0.10,27,16
21,0.90,0.90,0.10,25,16
24,0.90,0.90,0.10,25,16
28,0.90,0.90,0.10,25,16
25,0.90,0.90,0.10,19,16
26,0.90,0.90,0.10,35,16
27,0.90,0.90,0.10,23,16
30,0.90,0.90,0.10,23,16
31,0.90,0.90,0.10,28,16
29,0.90,0.90,0.10,30,16
32,0.90,0.90,0.10,21,16
35,0.90,0.90,0.10,31,16
36,0.90,0.90,0.10,37,16
37,0.90,0.90,0.10,33,16
38,0.90,0.90,0.10,27,16
33,0.90,0.90,0.10,35,16
39,0.90,0.90,0.10,23,16
34,0.90,0.90,0.10,27,16
44,0.90,0.90,0.10,35,16
41,0.90,0.90,0.10,21,16
40,0.90,0.90,0.10,28,16
43,0.90,0.90,0.10,26,16
42,0.90,0.90,0.10,30,16
47,0.90,0.90,0.10,32,16
46,0.90,0.90,0.10,28,16
45,0.90,0.90,0.10,31,16
48,0.90,0.90,0.10,22,16
49,0.90,0.90,0.10,32,16
50,0.90,0.90,0.10,31,16
51,0.90,0.90,0.10,28,16
52,0.90,0.90,0.10,22,16
55,0.90,0.90,0.10,19,16
54,0.90,0.90,0.10,25,16
53,0.90,0.90,0.10,29,16
58,0.90,0.90,0.10,29,16
56,0.90,0.90,0.10,29,16
59,0.90,0.90,0.10,27,16
57,0.90,0.90,0.10,19,16
60,0.90,0.90,0.10,27,16
61,0.90,0.90,0.10,29,16
62,0.90,0.90,0.10,23,16
64,0.90,0.90,0.10,28,16
63,0.90,0.90,0.10,29,16
69,0.90,0.90,0.10,32,16
67,0.90,0.90,0.10,29,16
65,0.90,0.90,0.10,27,16
68,0.90,0.90,0.10,27,16
66,0.90,0.90,0.10,31,16
70,0.90,0.90,0.10,26,16
71,0.90,0.90,0.10,26,16
72,0.90,0.90,0.10,21,16
73,0.90,0.90,0.10,30,16
75,0.90,0.90,0.10,25,16
76,0.90,0.90,0.10,31,16
77,0.90,0.90,0.10,40,16
74,0.90,0.90,0.10,28,16
78,0.90,0.90,0.10,33,16
79,0.90,0.90,0.10,13,16
82,0.90,0.90,0.10,30,16
80,0.90,0.90,0.10,27,16
81,0.90,0.90,0.10,28,16
83,0.90,0.90,0.10,30,16
85,0.90,0.90,0.10,45,16
87,0.90,0.90,0.10,33,16
84,0.90,0.90,0.10,36,16
86,0.90,0.90,0.10,32,16
90,0.90,0.90,0.10,28,16
89,0.90,0.90,0.10,21,16
88,0.90,0.90,0.10,29,16
93,0.90,0.90,0.10,35,16
96,0.90,0.90,0.10,28,16
92,0.90,0.90,0.10,35,16
94,0.90,0.90,0.10,32,16
95,0.90,0.90,0.10,26,16
91,0.90,0.90,0.10,35,16
97,0.90,0.90,0.10,32,16
100,0.90,0.90,0.10,28,16
99,0.90,0.90,0.10,32,16
98,0.90,0.90,0.10,27,16
